event_id,timestamp_ns,pid,cpu,jump_type,jump_type_name,src_func,dst_func,src_offset,src_func_addr,cfi_dst_addr,reg_rax,reg_rcx,reg_rdx,reg_rbx,reg_rsp,reg_rbp,reg_rsi,reg_rdi,ret_addr,saved_rax_val,saved_rsp_val,is_correct,call_stack_hash,ptr_origin
1,29923727518232,95621,2,4,INDIRECT_CALL,test01_global_fptr_call,,0x148f,0x0,0x0,0x70ea3e2c73b9,0x0,0x1,0x0,0x70ea33bfe880,0x70ea33bfe880,0x70ea2c000ba0,0x70ea42a05710,0x0,0x70ea3e2c73b9,0x0,1,0xf2b2b62f17d92688,0x0
2,29923727538142,95621,2,3,RET,test_target_a,,0x13d2,0x0,0x0,0x11,0x0,0x1,0x0,0x70ea33bfe878,0x70ea33bfe880,0x70ea2c000ba0,0x70ea42a05710,0x70ea3e2c7491,0x70ea3e2c73b9,0x70ea3e2c7491,1,0xa714800da6634c79,0x0
3,29923727542311,95621,2,3,RET,test01_global_fptr_call,,0x1493,0x0,0x0,0x11,0x0,0x1,0x0,0x70ea33bfe888,0x70ea33bfe890,0x70ea2c000ba0,0x70ea42a05710,0x70ea3e2c7a2a,0x70ea3e2c73b9,0x70ea3e2c7a2a,1,0xe48c95b9f82a6d85,0x0
4,29923727566959,95621,2,4,INDIRECT_CALL,test02_local_fptr_call,,0x14be,0x0,0x0,0x70ea3e2c73d3,0x0,0x1,0x0,0x70ea33bfe870,0x70ea33bfe880,0x70ea2c000ba0,0x70ea42a05710,0x0,0x70ea3e2c73d3,0x0,1,0x8796598677367bc,0x0
5,29923727589027,95621,2,3,RET,test_target_b,,0x13ec,0x0,0x0,0x11,0x0,0x1,0x0,0x70ea33bfe868,0x70ea33bfe880,0x70ea2c000ba0,0x70ea42a05710,0x70ea3e2c74c0,0x70ea3e2c73d3,0x70ea3e2c74c0,1,0xdec902022d26e7cc,0x0
6,29923727593329,95621,2,3,RET,test02_local_fptr_call,,0x14c2,0x0,0x0,0x11,0x0,0x1,0x0,0x70ea33bfe888,0x70ea33bfe890,0x70ea2c000ba0,0x70ea42a05710,0x70ea3e2c7a2f,0x70ea3e2c73d3,0x70ea3e2c7a2f,1,0x355851a127f8d9dc,0x0
7,29923727604284,95621,2,4,INDIRECT_CALL,test03_table_fptr_call,,0x150f,0x0,0x0,0x70ea3e2c73ed,0x0,0x10,0x0,0x70ea33bfe870,0x70ea33bfe880,0x70ea2c000ba0,0x70ea33bfe670,0x0,0x2,0x0,0,0x9ca8c9f7ad582d75,0x0
8,29923727617128,95621,2,3,RET,test_target_c,,0x1406,0x0,0x0,0x11,0x0,0x1,0x0,0x70ea33bfe868,0x70ea33bfe880,0x70ea2c000ba0,0x70ea42a05710,0x70ea3e2c7511,0x2,0x70ea3e2c7511,1,0x39faeb0389e375e2,0x0
9,29923727620500,95621,2,3,RET,test03_table_fptr_call,,0x1513,0x0,0x0,0x11,0x0,0x1,0x0,0x70ea33bfe888,0x70ea33bfe890,0x70ea2c000ba0,0x70ea42a05710,0x70ea3e2c7a39,0x2,0x70ea3e2c7a39,1,0xce308b6092900d3a,0x0
10,29923727633975,95621,2,4,INDIRECT_CALL,test04_stack_fptr_call,,0x1546,0x0,0x0,0x70ea3e2c73ed,0x0,0x1,0x0,0x70ea33bfe870,0x70ea33bfe880,0x70ea2c000ba0,0x70ea42a05710,0x0,0x70ea3e2c73ed,0x0,1,0x1d0b675517becb08,0x0
11,29923727649015,95621,2,3,RET,test_target_c,,0x1406,0x0,0x0,0x11,0x0,0x1,0x0,0x70ea33bfe868,0x70ea33bfe880,0x70ea2c000ba0,0x70ea42a05710,0x70ea3e2c7548,0x70ea3e2c73ed,0x70ea3e2c7548,1,0x5e2ebb954e4957b0,0x0
12,29923727653346,95621,2,3,RET,test04_stack_fptr_call,,0x154a,0x0,0x0,0x11,0x0,0x1,0x0,0x70ea33bfe888,0x70ea33bfe890,0x70ea2c000ba0,0x70ea42a05710,0x70ea3e2c7a3e,0x70ea3e2c73ed,0x70ea3e2c7a3e,1,0x5568886a3011f5f0,0x0
13,29923727678566,95621,2,4,INDIRECT_CALL,test05_vtable_call,,0x1587,0x0,0x0,0x70ea3e2c73b9,0x0,0x1,0x0,0x70ea33bfe860,0x70ea33bfe880,0x70ea2c000ba0,0x70ea42a05710,0x0,0x70ea3e2c73d3,0x0,0,0x1a04a5360730b9b3,0x0
14,29923727693188,95621,2,3,RET,test_target_a,,0x13d2,0x0,0x0,0x11,0x0,0x1,0x0,0x70ea33bfe858,0x70ea33bfe880,0x70ea2c000ba0,0x70ea42a05710,0x70ea3e2c7589,0x70ea3e2c73d3,0x70ea3e2c7589,1,0xfdedbd07fbc610c0,0x0
15,29923727701132,95621,2,4,INDIRECT_CALL,test05_vtable_call,,0x158d,0x0,0x0,0x70ea3e2c73d3,0x0,0x1,0x0,0x70ea33bfe860,0x70ea33bfe880,0x70ea2c000ba0,0x70ea42a05710,0x0,0x70ea3e2c73d3,0x0,1,0xc8ebf08e40efa1c0,0x0
16,29923727718835,95621,2,3,RET,test_target_b,,0x13ec,0x0,0x0,0x11,0x0,0x1,0x0,0x70ea33bfe858,0x70ea33bfe880,0x70ea2c000ba0,0x70ea42a05710,0x70ea3e2c758f,0x70ea3e2c73d3,0x70ea3e2c758f,1,0x9c43d5c383d0d44f,0x0
17,29923727722269,95621,2,3,RET,test05_vtable_call,,0x1591,0x0,0x0,0x11,0x0,0x1,0x0,0x70ea33bfe888,0x70ea33bfe890,0x70ea2c000ba0,0x70ea42a05710,0x70ea3e2c7a43,0x70ea3e2c73d3,0x70ea3e2c7a43,1,0x2db38fd504b477a3,0x0
18,29923727733739,95621,2,4,INDIRECT_CALL,call_via_fp,,0x15a6,0x0,0x0,0x70ea3e2c7407,0x0,0x1,0x0,0x70ea33bfe860,0x70ea33bfe870,0x70ea2c000ba0,0x70ea3e2c7407,0x0,0x70ea3e2c7407,0x0,1,0x5694343c731c0b8,0x0
19,29923727748708,95621,2,3,RET,test_target_d,,0x1420,0x0,0x0,0x11,0x0,0x1,0x0,0x70ea33bfe858,0x70ea33bfe870,0x70ea2c000ba0,0x70ea42a05710,0x70ea3e2c75a8,0x70ea3e2c7407,0x70ea3e2c75a8,1,0x9c4ffcf6bf379400,0x0
20,29923727752605,95621,2,3,RET,call_via_fp,,0x15aa,0x0,0x0,0x11,0x0,0x1,0x0,0x70ea33bfe878,0x70ea33bfe880,0x70ea2c000ba0,0x70ea42a05710,0x70ea3e2c75d1,0x70ea3e2c7407,0x70ea3e2c75d1,1,0x3a86e4e2d1c20400,0x0
21,29923727755742,95621,2,3,RET,test06_callback_arg,,0x15d3,0x0,0x0,0x11,0x0,0x1,0x0,0x70ea33bfe888,0x70ea33bfe890,0x70ea2c000ba0,0x70ea42a05710,0x70ea3e2c7a48,0x70ea3e2c7407,0x70ea3e2c7a48,1,0xa3dd0f8f84d3b400,0x0
22,29923727769035,95621,2,4,INDIRECT_CALL,test07_indirect_jump,,0x162c,0x0,0x0,0x70ea3e2c73b9,0x0,0x1,0x0,0x70ea33bfe840,0x70ea33bfe880,0x70ea2c000ba0,0x70ea42a05710,0x0,0x70ea3e2c7407,0x0,0,0x4e44f424bd1d4e52,0x0
23,29923727776473,95621,2,3,RET,test_target_a,,0x13d2,0x0,0x0,0x11,0x0,0x1,0x0,0x70ea33bfe838,0x70ea33bfe880,0x70ea2c000ba0,0x70ea42a05710,0x70ea3e2c762e,0x70ea3e2c7407,0x70ea3e2c762e,1,0x7e2ddad0d8c3cb18,0x0
24,29923727786809,95621,2,4,INDIRECT_CALL,test07_indirect_jump,,0x163d,0x0,0x0,0x70ea3e2c73ed,0x0,0x1,0x0,0x70ea33bfe840,0x70ea33bfe880,0x70ea2c000ba0,0x70ea42a05710,0x0,0x70ea3e2c73ed,0x0,1,0xf6c32af81fcec938,0x0
25,29923727793926,95621,2,3,RET,test_target_c,,0x1406,0x0,0x0,0x11,0x0,0x1,0x0,0x70ea33bfe838,0x70ea33bfe880,0x70ea2c000ba0,0x70ea42a05710,0x70ea3e2c763f,0x70ea3e2c73ed,0x70ea3e2c763f,1,0xc42d005d65ab3317,0x0
26,29923727797471,95621,2,3,RET,test07_indirect_jump,,0x1655,0x0,0x0,0x0,0x0,0x1,0x0,0x70ea33bfe888,0x70ea33bfe890,0x70ea2c000ba0,0x70ea42a05710,0x70ea3e2c7a52,0x70ea3e2c73ed,0x70ea3e2c7a52,1,0x3c52b720ce3fc2cb,0x0
27,29923727807545,95621,2,4,INDIRECT_CALL,test08_indirect_call_with_retval,,0x1688,0x0,0x0,0x5,0x0,0x70ea3e2c7421,0x0,0x70ea33bfe860,0x70ea33bfe880,0x70ea2c000ba0,0x5,0x0,0x70ea3e2c7421,0x0,0,0x5b03f64e0dcb7d9f,0x0
28,29923727814749,95621,2,3,RET,test_target_ret_int,,0x1432,0x0,0x0,0xa,0x0,0x70ea3e2c7421,0x0,0x70ea33bfe858,0x70ea33bfe880,0x70ea2c000ba0,0x5,0x70ea3e2c768a,0x70ea3e2c7421,0x70ea3e2c768a,1,0x479afdb867e5653d,0x0
29,29923727826481,95621,2,3,RET,test08_indirect_call_with_retval,,0x16a8,0x0,0x0,0x11,0x0,0x0,0x0,0x70ea33bfe888,0x70ea33bfe890,0x70ea2c000ba0,0x70ea33bfe660,0x70ea3e2c7a5c,0x70ea3e2c7421,0x70ea3e2c7a5c,1,0xc54dd14cebb2b0f9,0x0
30,29923727840374,95621,2,4,INDIRECT_CALL,test09_indirect_call_multiarg,,0x16e2,0x0,0x0,0x70ea3e2c7433,0x0,0x1e,0x0,0x70ea33bfe870,0x70ea33bfe880,0x14,0xa,0x0,0x70ea3e2c7433,0x0,1,0xe73c0176da52da82,0x0
31,29923727847957,95621,2,3,RET,test_target_arg,,0x146d,0x0,0x0,0x12,0x0,0x0,0x0,0x70ea33bfe868,0x70ea33bfe880,0x70ea2c000ba0,0x70ea33bfe650,0x70ea3e2c76e4,0x70ea3e2c7433,0x70ea3e2c76e4,1,0xc5abbb036671c3e,0x0
32,29923727851099,95621,2,3,RET,test09_indirect_call_multiarg,,0x16e6,0x0,0x0,0x12,0x0,0x0,0x0,0x70ea33bfe888,0x70ea33bfe890,0x70ea2c000ba0,0x70ea33bfe650,0x70ea3e2c7a61,0x70ea3e2c7433,0x70ea3e2c7a61,1,0xcfebdc862a75ea66,0x0
33,29923727864750,95621,2,4,INDIRECT_CALL,test10_volatile_fptr,,0x1711,0x0,0x0,0x70ea3e2c73b9,0x0,0x1,0x0,0x70ea33bfe870,0x70ea33bfe880,0x70ea2c000ba0,0x70ea42a05710,0x0,0x70ea3e2c73b9,0x0,1,0x66359d71f9eafa3c,0x0
34,29923727871908,95621,2,3,RET,test_target_a,,0x13d2,0x0,0x0,0x11,0x0,0x1,0x0,0x70ea33bfe868,0x70ea33bfe880,0x70ea2c000ba0,0x70ea42a05710,0x70ea3e2c7713,0x70ea3e2c73b9,0x70ea3e2c7713,1,0x9168b8f3c7b34a9f,0x0
35,29923727875281,95621,2,3,RET,test10_volatile_fptr,,0x1715,0x0,0x0,0x11,0x0,0x1,0x0,0x70ea33bfe888,0x70ea33bfe890,0x70ea2c000ba0,0x70ea42a05710,0x70ea3e2c7a66,0x70ea3e2c73b9,0x70ea3e2c7a66,1,0xc4320142be0d37b3,0x0
36,29923727885304,95621,2,4,INDIRECT_CALL,test11_conditional_indirect,,0x1760,0x0,0x0,0x70ea3e2c73b9,0x0,0x0,0x0,0x70ea33bfe860,0x70ea33bfe880,0x70ea2c000ba0,0x70ea33bfe660,0x0,0x70ea3e2c73b9,0x0,1,0x47e22896cc3400db,0x0
37,29923727892475,95621,2,3,RET,test_target_a,,0x13d2,0x0,0x0,0x11,0x0,0x1,0x0,0x70ea33bfe858,0x70ea33bfe880,0x70ea2c000ba0,0x70ea42a05710,0x70ea3e2c7762,0x70ea3e2c73b9,0x70ea3e2c7762,1,0x32245edd0ec98ea1,0x0
38,29923727895548,95621,2,3,RET,test11_conditional_indirect,,0x1764,0x0,0x0,0x11,0x0,0x1,0x0,0x70ea33bfe888,0x70ea33bfe890,0x70ea2c000ba0,0x70ea42a05710,0x70ea3e2c7a70,0x70ea3e2c73b9,0x70ea3e2c7a70,1,0xee1e5bbbe6ccc88d,0x0
39,29923727905317,95621,2,4,INDIRECT_CALL,test12_switch_style,,0x17ed,0x0,0x0,0x70ea3e2c73ed,0x0,0x0,0x0,0x70ea33bfe860,0x70ea33bfe880,0x70ea2c000ba0,0x70ea33bfe660,0x0,0x70ea3e2c73b9,0x0,0,0xf00a0d2a9ddd8e4f,0x0
40,29923727912046,95621,2,3,RET,test_target_c,,0x1406,0x0,0x0,0x11,0x0,0x1,0x0,0x70ea33bfe858,0x70ea33bfe880,0x70ea2c000ba0,0x70ea42a05710,0x70ea3e2c77ef,0x70ea3e2c73b9,0x70ea3e2c77ef,1,0x4555f1bcd8cc2192,0x0
41,29923727915317,95621,2,3,RET,test12_switch_style,,0x17f1,0x0,0x0,0x11,0x0,0x1,0x0,0x70ea33bfe888,0x70ea33bfe890,0x70ea2c000ba0,0x70ea42a05710,0x70ea3e2c7a7a,0x70ea3e2c73b9,0x70ea3e2c7a7a,1,0xa05af9de8a10c72a,0x0
42,29923727928477,95621,2,4,INDIRECT_CALL,test13_runtime_computed_target,,0x1856,0x0,0x0,0x70ea3e2c73ed,0x0,0x1,0x0,0x70ea33bfe850,0x70ea33bfe880,0x70ea2c000ba0,0x70ea42a05710,0x0,0x3e2c77ef00000002,0x0,0,0x460f354095456eb9,0x0
43,29923727942836,95621,2,3,RET,test_target_c,,0x1406,0x0,0x0,0x11,0x0,0x1,0x0,0x70ea33bfe848,0x70ea33bfe880,0x70ea2c000ba0,0x70ea42a05710,0x70ea3e2c7858,0x3e2c77ef00000002,0x70ea3e2c7858,1,0xc8d6ecb5262fb1d,0x0
44,29923727946964,95621,2,3,RET,test13_runtime_computed_target,,0x186e,0x0,0x0,0x0,0x0,0x1,0x0,0x70ea33bfe888,0x70ea33bfe890,0x70ea2c000ba0,0x70ea42a05710,0x70ea3e2c7a7f,0x3e2c77ef00000002,0x70ea3e2c7a7f,1,0xc126f9fcd215c159,0x0
45,29923727957986,95621,2,3,RET,test14_ret_chain_deep,,0x1888,0x0,0x0,0x14,0x0,0x1,0x0,0x70ea33bfe868,0x70ea33bfe870,0x70ea2c000ba0,0x70ea42a05710,0x70ea3e2c78a5,0x3e2c77ef00000002,0x70ea3e2c78a5,1,0x737b7b312e784226,0x0
46,29923727961328,95621,2,3,RET,test14_ret_chain_mid,,0x18a7,0x0,0x0,0x14,0x0,0x1,0x0,0x70ea33bfe878,0x70ea33bfe880,0x70ea2c000ba0,0x70ea42a05710,0x70ea3e2c78c4,0x3e2c77ef00000002,0x70ea3e2c78c4,1,0x8ff2e9e83cbfbe2e,0x0
47,29923727964466,95621,2,3,RET,test14_ret_chain,,0x18c6,0x0,0x0,0x14,0x0,0x1,0x0,0x70ea33bfe888,0x70ea33bfe890,0x70ea2c000ba0,0x70ea42a05710,0x70ea3e2c7a84,0x3e2c77ef00000002,0x70ea3e2c7a84,1,0x2ebe05fb0f29fd96,0x0
48,29923727977019,95621,2,4,INDIRECT_CALL,test15_double_indirect,,0x18fc,0x0,0x0,0x70ea3e2c73b9,0x0,0x1,0x0,0x70ea33bfe870,0x70ea33bfe880,0x70ea2c000ba0,0x70ea42a05710,0x0,0x70ea3e2c73b9,0x0,1,0xfe4ff5769fb1b90f,0x0
49,29923727983722,95621,2,3,RET,test_target_a,,0x13d2,0x0,0x0,0x11,0x0,0x1,0x0,0x70ea33bfe868,0x70ea33bfe880,0x70ea2c000ba0,0x70ea42a05710,0x70ea3e2c78fe,0x70ea3e2c73b9,0x70ea3e2c78fe,1,0x9d214b9c15a8d661,0x0
50,29923727986987,95621,2,3,RET,test15_double_indirect,,0x1900,0x0,0x0,0x11,0x0,0x1,0x0,0x70ea33bfe888,0x70ea33bfe890,0x70ea2c000ba0,0x70ea42a05710,0x70ea3e2c7a89,0x70ea3e2c73b9,0x70ea3e2c7a89,1,0x286f5f131a3ad54d,0x0
51,29923727998939,95621,2,3,RET,get_target,,0x1982,0x0,0x0,0x70ea3e2c73d3,0x1,0x0,0x0,0x70ea33bfe868,0x70ea33bfe880,0x70ea2c000ba0,0x1,0x70ea3e2c79a8,0x70ea3e2c73b9,0x70ea3e2c79a8,1,0x1801514a6436478f,0x0
52,29923728013682,95621,2,4,INDIRECT_CALL,test16_returned_fptr_call,,0x19b0,0x0,0x0,0x70ea3e2c73d3,0x1,0x0,0x0,0x70ea33bfe870,0x70ea33bfe880,0x70ea2c000ba0,0x1,0x0,0x70ea3e2c73b9,0x0,0,0x624f915bdc8409e3,0x0
53,29923728027856,95621,2,3,RET,test_target_b,,0x13ec,0x0,0x0,0x11,0x0,0x1,0x0,0x70ea33bfe868,0x70ea33bfe880,0x70ea2c000ba0,0x70ea42a05710,0x70ea3e2c79b2,0x70ea3e2c73b9,0x70ea3e2c79b2,1,0xda34f5ef67cdd959,0x0
54,29923728031820,95621,2,3,RET,test16_returned_fptr_call,,0x19b4,0x0,0x0,0x11,0x0,0x1,0x0,0x70ea33bfe888,0x70ea33bfe890,0x70ea2c000ba0,0x70ea42a05710,0x70ea3e2c7a8e,0x70ea3e2c73b9,0x70ea3e2c7a8e,1,0xc0135f59eb4a8e5,0x0
55,29923728043933,95621,2,4,INDIRECT_CALL,test17_nested_struct_fptr,,0x19f5,0x0,0x0,0x70ea3e2c73d3,0x0,0x1,0x0,0x70ea33bfe850,0x70ea33bfe880,0x70ea2c000ba0,0x70ea42a05710,0x0,0x70ea3e2c73d3,0x0,1,0xc23cfeb7309d8280,0x0
56,29923728050500,95621,2,3,RET,test_target_b,,0x13ec,0x0,0x0,0x11,0x0,0x1,0x0,0x70ea33bfe848,0x70ea33bfe880,0x70ea2c000ba0,0x70ea42a05710,0x70ea3e2c79f7,0x70ea3e2c73d3,0x70ea3e2c79f7,1,0xce9bdcc51fd40a77,0x0
57,29923728053765,95621,2,3,RET,test17_nested_struct_fptr,,0x1a0d,0x0,0x0,0x0,0x0,0x1,0x0,0x70ea33bfe888,0x70ea33bfe890,0x70ea2c000ba0,0x70ea42a05710,0x70ea3e2c7a93,0x70ea3e2c73d3,0x70ea3e2c7a93,1,0x432c84497782b6ab,0x0
58,29923728058296,95621,2,3,RET,test_all,,0x1aa4,0x0,0x0,0x27,0x0,0x1,0x0,0x70ea33bfe898,0x70ea33bfe8a0,0x70ea2c000ba0,0x70ea42a05710,0x70ea42a44b16,0x70ea3e2c73d3,0x70ea42a44b16,1,0x226d552c6991e0cf,0x0
59,29924728318365,95621,2,4,INDIRECT_CALL,test01_global_fptr_call,,0x148f,0x0,0x0,0x70ea3e2c73b9,0x0,0x1,0x0,0x70ea33bfe880,0x70ea33bfe880,0x70ea2c000ba0,0x70ea42a05710,0x0,0x70ea3e2c73b9,0x0,1,0xcea02912ca541ce3,0x0
60,29924728336623,95621,2,3,RET,test_target_a,,0x13d2,0x0,0x0,0x11,0x0,0x1,0x0,0x70ea33bfe878,0x70ea33bfe880,0x70ea2c000ba0,0x70ea42a05710,0x70ea3e2c7491,0x70ea3e2c73b9,0x70ea3e2c7491,1,0x509d0f09c12feb38,0x0
61,29924728340710,95621,2,3,RET,test01_global_fptr_call,,0x1493,0x0,0x0,0x11,0x0,0x1,0x0,0x70ea33bfe888,0x70ea33bfe890,0x70ea2c000ba0,0x70ea42a05710,0x70ea3e2c7a2a,0x70ea3e2c73b9,0x70ea3e2c7a2a,1,0x490cf5cd006236d8,0x0
62,29924728354944,95621,2,4,INDIRECT_CALL,test02_local_fptr_call,,0x14be,0x0,0x0,0x70ea3e2c73d3,0x0,0x1,0x0,0x70ea33bfe870,0x70ea33bfe880,0x70ea2c000ba0,0x70ea42a05710,0x0,0x70ea3e2c73d3,0x0,1,0x23b9c586a1f6e8c7,0x0
63,29924728362668,95621,2,3,RET,test_target_b,,0x13ec,0x0,0x0,0x11,0x0,0x1,0x0,0x70ea33bfe868,0x70ea33bfe880,0x70ea2c000ba0,0x70ea42a05710,0x70ea3e2c74c0,0x70ea3e2c73d3,0x70ea3e2c74c0,1,0xc58915bec1f8337b,0x0
64,29924728366355,95621,2,3,RET,test02_local_fptr_call,,0x14c2,0x0,0x0,0x11,0x0,0x1,0x0,0x70ea33bfe888,0x70ea33bfe890,0x70ea2c000ba0,0x70ea42a05710,0x70ea3e2c7a2f,0x70ea3e2c73d3,0x70ea3e2c7a2f,1,0x20c86c5c427f655f,0x0
65,29924728377381,95621,2,4,INDIRECT_CALL,test03_table_fptr_call,,0x150f,0x0,0x0,0x70ea3e2c73ed,0x0,0x10,0x0,0x70ea33bfe870,0x70ea33bfe880,0x70ea2c000ba0,0x70ea33bfe670,0x0,0x2,0x0,0,0xecbe7dd80d5a3430,0x0
66,29924728384506,95621,2,3,RET,test_target_c,,0x1406,0x0,0x0,0x11,0x0,0x1,0x0,0x70ea33bfe868,0x70ea33bfe880,0x70ea2c000ba0,0x70ea42a05710,0x70ea3e2c7511,0x2,0x70ea3e2c7511,1,0x7f1a413b86f4d81,0x0
67,29924728387610,95621,2,3,RET,test03_table_fptr_call,,0x1513,0x0,0x0,0x11,0x0,0x1,0x0,0x70ea33bfe888,0x70ea33bfe890,0x70ea2c000ba0,0x70ea42a05710,0x70ea3e2c7a39,0x2,0x70ea3e2c7a39,1,0xeaf5c75b23c74ded,0x0
68,29924728400573,95621,2,4,INDIRECT_CALL,test04_stack_fptr_call,,0x1546,0x0,0x0,0x70ea3e2c73ed,0x0,0x1,0x0,0x70ea33bfe870,0x70ea33bfe880,0x70ea2c000ba0,0x70ea42a05710,0x0,0x70ea3e2c73ed,0x0,1,0xde15a5c47b9a0273,0x0
69,29924728406947,95621,2,3,RET,test_target_c,,0x1406,0x0,0x0,0x11,0x0,0x1,0x0,0x70ea33bfe868,0x70ea33bfe880,0x70ea2c000ba0,0x70ea42a05710,0x70ea3e2c7548,0x70ea3e2c73ed,0x70ea3e2c7548,1,0x4113260ea5448a3f,0x0
70,29924728410094,95621,2,3,RET,test04_stack_fptr_call,,0x154a,0x0,0x0,0x11,0x0,0x1,0x0,0x70ea33bfe888,0x70ea33bfe890,0x70ea2c000ba0,0x70ea42a05710,0x70ea3e2c7a3e,0x70ea3e2c73ed,0x70ea3e2c7a3e,1,0xb209e4b42c080ed3,0x0
71,29924728425690,95621,2,4,INDIRECT_CALL,test05_vtable_call,,0x1587,0x0,0x0,0x70ea3e2c73b9,0x0,0x1,0x0,0x70ea33bfe860,0x70ea33bfe880,0x70ea2c000ba0,0x70ea42a05710,0x0,0x70ea3e2c73d3,0x0,0,0x6e931c082fbf7cce,0x0
72,29924728432161,95621,2,3,RET,test_target_a,,0x13d2,0x0,0x0,0x11,0x0,0x1,0x0,0x70ea33bfe858,0x70ea33bfe880,0x70ea2c000ba0,0x70ea42a05710,0x70ea3e2c7589,0x70ea3e2c73d3,0x70ea3e2c7589,1,0xa9a1fad381e35d3f,0x0
73,29924728438431,95621,2,4,INDIRECT_CALL,test05_vtable_call,,0x158d,0x0,0x0,0x70ea3e2c73d3,0x0,0x1,0x0,0x70ea33bfe860,0x70ea33bfe880,0x70ea2c000ba0,0x70ea42a05710,0x0,0x70ea3e2c73d3,0x0,1,0x47f56e28b1f1e5d3,0x0
74,29924728444848,95621,2,3,RET,test_target_b,,0x13ec,0x0,0x0,0x11,0x0,0x1,0x0,0x70ea33bfe858,0x70ea33bfe880,0x70ea2c000ba0,0x70ea42a05710,0x70ea3e2c758f,0x70ea3e2c73d3,0x70ea3e2c758f,1,0xf3b859fdcc379a66,0x0
75,29924728447921,95621,2,3,RET,test05_vtable_call,,0x1591,0x0,0x0,0x11,0x0,0x1,0x0,0x70ea33bfe888,0x70ea33bfe890,0x70ea2c000ba0,0x70ea42a05710,0x70ea3e2c7a43,0x70ea3e2c73d3,0x70ea3e2c7a43,1,0xfc0fb67e359bd16e,0x0
76,29924728458883,95621,2,4,INDIRECT_CALL,call_via_fp,,0x15a6,0x0,0x0,0x70ea3e2c7407,0x0,0x1,0x0,0x70ea33bfe860,0x70ea33bfe870,0x70ea2c000ba0,0x70ea3e2c7407,0x0,0x70ea3e2c7407,0x0,1,0x78a794c198d4513f,0x0
77,29924728466195,95621,2,3,RET,test_target_d,,0x1420,0x0,0x0,0x11,0x0,0x1,0x0,0x70ea33bfe858,0x70ea33bfe870,0x70ea2c000ba0,0x70ea42a05710,0x70ea3e2c75a8,0x70ea3e2c7407,0x70ea3e2c75a8,1,0xa4376fd698e23f7b,0x0
78,29924728469383,95621,2,3,RET,call_via_fp,,0x15aa,0x0,0x0,0x11,0x0,0x1,0x0,0x70ea33bfe878,0x70ea33bfe880,0x70ea2c000ba0,0x70ea42a05710,0x70ea3e2c75d1,0x70ea3e2c7407,0x70ea3e2c75d1,1,0xcc79b20f5bce815f,0x0
79,29924728472496,95621,2,3,RET,test06_callback_arg,,0x15d3,0x0,0x0,0x11,0x0,0x1,0x0,0x70ea33bfe888,0x70ea33bfe890,0x70ea2c000ba0,0x70ea42a05710,0x70ea3e2c7a48,0x70ea3e2c7407,0x70ea3e2c7a48,1,0xc241ef1430d20773,0x0
80,29924728484891,95621,2,4,INDIRECT_CALL,test07_indirect_jump,,0x162c,0x0,0x0,0x70ea3e2c73b9,0x0,0x1,0x0,0x70ea33bfe840,0x70ea33bfe880,0x70ea2c000ba0,0x70ea42a05710,0x0,0x70ea3e2c7407,0x0,0,0x58161c843b66b67d,0x0
81,29924728491268,95621,2,3,RET,test_target_a,,0x13d2,0x0,0x0,0x11,0x0,0x1,0x0,0x70ea33bfe838,0x70ea33bfe880,0x70ea2c000ba0,0x70ea42a05710,0x70ea3e2c762e,0x70ea3e2c7407,0x70ea3e2c762e,1,0xdf75742d78043f67,0x0
82,29924728501495,95621,2,4,INDIRECT_CALL,test07_indirect_jump,,0x163d,0x0,0x0,0x70ea3e2c73ed,0x0,0x1,0x0,0x70ea33bfe840,0x70ea33bfe880,0x70ea2c000ba0,0x70ea42a05710,0x0,0x70ea3e2c73ed,0x0,1,0x550c394f95ca60db,0x0
83,29924728507768,95621,2,3,RET,test_target_c,,0x1406,0x0,0x0,0x11,0x0,0x1,0x0,0x70ea33bfe838,0x70ea33bfe880,0x70ea2c000ba0,0x70ea42a05710,0x70ea3e2c763f,0x70ea3e2c73ed,0x70ea3e2c763f,1,0x7840e3a4f5106d7e,0x0
84,29924728511112,95621,2,3,RET,test07_indirect_jump,,0x1655,0x0,0x0,0x0,0x0,0x1,0x0,0x70ea33bfe888,0x70ea33bfe890,0x70ea2c000ba0,0x70ea42a05710,0x70ea3e2c7a52,0x70ea3e2c73ed,0x70ea3e2c7a52,1,0xeccbe66906cf02a6,0x0
85,29924728520218,95621,2,4,INDIRECT_CALL,test08_indirect_call_with_retval,,0x1688,0x0,0x0,0x5,0x0,0x70ea3e2c7421,0x0,0x70ea33bfe860,0x70ea33bfe880,0x70ea2c000ba0,0x5,0x0,0x70ea3e2c7421,0x0,0,0x2d5cf4cdcb8c6c72,0x0
86,29924728526796,95621,2,3,RET,test_target_ret_int,,0x1432,0x0,0x0,0xa,0x0,0x70ea3e2c7421,0x0,0x70ea33bfe858,0x70ea33bfe880,0x70ea2c000ba0,0x5,0x70ea3e2c768a,0x70ea3e2c7421,0x70ea3e2c768a,1,0x3b0505c946015f14,0x0
87,29924728530619,95621,2,3,RET,test08_indirect_call_with_retval,,0x16a8,0x0,0x0,0x11,0x0,0x0,0x0,0x70ea33bfe888,0x70ea33bfe890,0x70ea2c000ba0,0x70ea33bfe660,0x70ea3e2c7a5c,0x70ea3e2c7421,0x70ea3e2c7a5c,1,0x3d59483ad7059384,0x0
88,29924728543186,95621,2,4,INDIRECT_CALL,test09_indirect_call_multiarg,,0x16e2,0x0,0x0,0x70ea3e2c7433,0x0,0x1e,0x0,0x70ea33bfe870,0x70ea33bfe880,0x14,0xa,0x0,0x70ea3e2c7433,0x0,1,0xb3a78e8ced8f6385,0x0
89,29924728549965,95621,2,3,RET,test_target_arg,,0x146d,0x0,0x0,0x12,0x0,0x0,0x0,0x70ea33bfe868,0x70ea33bfe880,0x70ea2c000ba0,0x70ea33bfe650,0x70ea3e2c76e4,0x70ea3e2c7433,0x70ea3e2c76e4,1,0x9517c78e943e5c85,0x0
90,29924728552951,95621,2,3,RET,test09_indirect_call_multiarg,,0x16e6,0x0,0x0,0x12,0x0,0x0,0x0,0x70ea33bfe888,0x70ea33bfe890,0x70ea2c000ba0,0x70ea33bfe650,0x70ea3e2c7a61,0x70ea3e2c7433,0x70ea3e2c7a61,1,0x45d7e699729beaa1,0x0
91,29924728565963,95621,2,4,INDIRECT_CALL,test10_volatile_fptr,,0x1711,0x0,0x0,0x70ea3e2c73b9,0x0,0x1,0x0,0x70ea33bfe870,0x70ea33bfe880,0x70ea2c000ba0,0x70ea42a05710,0x0,0x70ea3e2c73b9,0x0,1,0xa2a9a5ca48fa906f,0x0
92,29924728572080,95621,2,3,RET,test_target_a,,0x13d2,0x0,0x0,0x11,0x0,0x1,0x0,0x70ea33bfe868,0x70ea33bfe880,0x70ea2c000ba0,0x70ea42a05710,0x70ea3e2c7713,0x70ea3e2c73b9,0x70ea3e2c7713,1,0x89bb49d54f8bc856,0x0
93,29924728575211,95621,2,3,RET,test10_volatile_fptr,,0x1715,0x0,0x0,0x11,0x0,0x1,0x0,0x70ea33bfe888,0x70ea33bfe890,0x70ea2c000ba0,0x70ea42a05710,0x70ea3e2c7a66,0x70ea3e2c73b9,0x70ea3e2c7a66,1,0xf96b720a3e12809e,0x0
94,29924728584842,95621,2,4,INDIRECT_CALL,test11_conditional_indirect,,0x1760,0x0,0x0,0x70ea3e2c73b9,0x0,0x0,0x0,0x70ea33bfe860,0x70ea33bfe880,0x70ea2c000ba0,0x70ea33bfe660,0x0,0x70ea3e2c73b9,0x0,1,0x3ed07d7b6f2473e,0x0
95,29924728591055,95621,2,3,RET,test_target_a,,0x13d2,0x0,0x0,0x11,0x0,0x1,0x0,0x70ea33bfe858,0x70ea33bfe880,0x70ea2c000ba0,0x70ea42a05710,0x70ea3e2c7762,0x70ea3e2c73b9,0x70ea3e2c7762,1,0xba9b14108ed1b0c8,0x0
96,29924728594005,95621,2,3,RET,test11_conditional_indirect,,0x1764,0x0,0x0,0x11,0x0,0x1,0x0,0x70ea33bfe888,0x70ea33bfe890,0x70ea2c000ba0,0x70ea42a05710,0x70ea3e2c7a70,0x70ea3e2c73b9,0x70ea3e2c7a70,1,0x6d364aa235d53528,0x0
97,29924728603722,95621,2,4,INDIRECT_CALL,test12_switch_style,,0x17ed,0x0,0x0,0x70ea3e2c73ed,0x0,0x0,0x0,0x70ea33bfe860,0x70ea33bfe880,0x70ea2c000ba0,0x70ea33bfe660,0x0,0x70ea3e2c73b9,0x0,0,0x8bd01d9e49bd57e2,0x0
98,29924728610248,95621,2,3,RET,test_target_c,,0x1406,0x0,0x0,0x11,0x0,0x1,0x0,0x70ea33bfe858,0x70ea33bfe880,0x70ea2c000ba0,0x70ea42a05710,0x70ea3e2c77ef,0x70ea3e2c73b9,0x70ea3e2c77ef,1,0x9c8f29f7131bf29,0x0
99,29924728613331,95621,2,3,RET,test12_switch_style,,0x17f1,0x0,0x0,0x11,0x0,0x1,0x0,0x70ea33bfe888,0x70ea33bfe890,0x70ea2c000ba0,0x70ea42a05710,0x70ea3e2c7a7a,0x70ea3e2c73b9,0x70ea3e2c7a7a,1,0x878b10639d22e275,0x0
100,29924728625627,95621,2,4,INDIRECT_CALL,test13_runtime_computed_target,,0x1856,0x0,0x0,0x70ea3e2c73ed,0x0,0x1,0x0,0x70ea33bfe850,0x70ea33bfe880,0x70ea2c000ba0,0x70ea42a05710,0x0,0x3e2c77ef00000002,0x0,0,0x1e81c9426793be7c,0x0
101,29924728631724,95621,2,3,RET,test_target_c,,0x1406,0x0,0x0,0x11,0x0,0x1,0x0,0x70ea33bfe848,0x70ea33bfe880,0x70ea2c000ba0,0x70ea42a05710,0x70ea3e2c7858,0x3e2c77ef00000002,0x70ea3e2c7858,1,0xe3d8c77edda5b24,0x0
102,29924728635037,95621,2,3,RET,test13_runtime_computed_target,,0x186e,0x0,0x0,0x0,0x0,0x1,0x0,0x70ea33bfe888,0x70ea33bfe890,0x70ea2c000ba0,0x70ea42a05710,0x70ea3e2c7a7f,0x3e2c77ef00000002,0x70ea3e2c7a7f,1,0xe927c18f6f95c654,0x0
103,29924728646191,95621,2,3,RET,test14_ret_chain_deep,,0x1888,0x0,0x0,0x14,0x0,0x1,0x0,0x70ea33bfe868,0x70ea33bfe870,0x70ea2c000ba0,0x70ea42a05710,0x70ea3e2c78a5,0x3e2c77ef00000002,0x70ea3e2c78a5,1,0xf5ed77cb9e531bd1,0x0
104,29924728649243,95621,2,3,RET,test14_ret_chain_mid,,0x18a7,0x0,0x0,0x14,0x0,0x1,0x0,0x70ea33bfe878,0x70ea33bfe880,0x70ea2c000ba0,0x70ea42a05710,0x70ea3e2c78c4,0x3e2c77ef00000002,0x70ea3e2c78c4,1,0x6b4b9a47508285fd,0x0
105,29924728652136,95621,2,3,RET,test14_ret_chain,,0x18c6,0x0,0x0,0x14,0x0,0x1,0x0,0x70ea33bfe888,0x70ea33bfe890,0x70ea2c000ba0,0x70ea42a05710,0x70ea3e2c7a84,0x3e2c77ef00000002,0x70ea3e2c7a84,1,0x26cbd3ddeb1422b9,0x0
106,29924728664242,95621,2,4,INDIRECT_CALL,test15_double_indirect,,0x18fc,0x0,0x0,0x70ea3e2c73b9,0x0,0x1,0x0,0x70ea33bfe870,0x70ea33bfe880,0x70ea2c000ba0,0x70ea42a05710,0x0,0x70ea3e2c73b9,0x0,1,0x6f18406db338026a,0x0
107,29924728670296,95621,2,3,RET,test_target_a,,0x13d2,0x0,0x0,0x11,0x0,0x1,0x0,0x70ea33bfe868,0x70ea33bfe880,0x70ea2c000ba0,0x70ea42a05710,0x70ea3e2c78fe,0x70ea3e2c73b9,0x70ea3e2c78fe,1,0x604eb13f2791cc20,0x0
108,29924728673414,95621,2,3,RET,test15_double_indirect,,0x1900,0x0,0x0,0x11,0x0,0x1,0x0,0x70ea33bfe888,0x70ea33bfe890,0x70ea2c000ba0,0x70ea42a05710,0x70ea3e2c7a89,0x70ea3e2c73b9,0x70ea3e2c7a89,1,0x1b67558a4605a9a0,0x0
109,29924728685981,95621,2,3,RET,get_target,,0x1982,0x0,0x0,0x70ea3e2c73d3,0x1,0x0,0x0,0x70ea33bfe868,0x70ea33bfe880,0x70ea2c000ba0,0x1,0x70ea3e2c79a8,0x70ea3e2c73b9,0x70ea3e2c79a8,1,0x977740407b125a3e,0x0
110,29924728691874,95621,2,4,INDIRECT_CALL,test16_returned_fptr_call,,0x19b0,0x0,0x0,0x70ea3e2c73d3,0x1,0x0,0x0,0x70ea33bfe870,0x70ea33bfe880,0x70ea2c000ba0,0x1,0x0,0x70ea3e2c73b9,0x0,0,0xe478da0f88435066,0x0
111,29924728698150,95621,2,3,RET,test_target_b,,0x13ec,0x0,0x0,0x11,0x0,0x1,0x0,0x70ea33bfe868,0x70ea33bfe880,0x70ea2c000ba0,0x70ea42a05710,0x70ea3e2c79b2,0x70ea3e2c73b9,0x70ea3e2c79b2,1,0xb3820f9b9c0cc920,0x0
112,29924728701120,95621,2,3,RET,test16_returned_fptr_call,,0x19b4,0x0,0x0,0x11,0x0,0x1,0x0,0x70ea33bfe888,0x70ea33bfe890,0x70ea2c000ba0,0x70ea42a05710,0x70ea3e2c7a8e,0x70ea3e2c73b9,0x70ea3e2c7a8e,1,0xa41bffc2057962a0,0x0
113,29924728712668,95621,2,4,INDIRECT_CALL,test17_nested_struct_fptr,,0x19f5,0x0,0x0,0x70ea3e2c73d3,0x0,0x1,0x0,0x70ea33bfe850,0x70ea33bfe880,0x70ea2c000ba0,0x70ea42a05710,0x0,0x70ea3e2c73d3,0x0,1,0x8bc9576ced5e2e33,0x0
114,29924728718823,95621,2,3,RET,test_target_b,,0x13ec,0x0,0x0,0x11,0x0,0x1,0x0,0x70ea33bfe848,0x70ea33bfe880,0x70ea2c000ba0,0x70ea42a05710,0x70ea3e2c79f7,0x70ea3e2c73d3,0x70ea3e2c79f7,1,0x23e1ea46719fafae,0x0
115,29924728721994,95621,2,3,RET,test17_nested_struct_fptr,,0x1a0d,0x0,0x0,0x0,0x0,0x1,0x0,0x70ea33bfe888,0x70ea33bfe890,0x70ea2c000ba0,0x70ea42a05710,0x70ea3e2c7a93,0x70ea3e2c73d3,0x70ea3e2c7a93,1,0x31e7a3ba1718d116,0x0
116,29924728726132,95621,2,3,RET,test_all,,0x1aa4,0x0,0x0,0x27,0x0,0x1,0x0,0x70ea33bfe898,0x70ea33bfe8a0,0x70ea2c000ba0,0x70ea42a05710,0x70ea42a44b16,0x70ea3e2c73d3,0x70ea42a44b16,1,0xb54e938db249ba5e,0x0
117,29925762205901,95621,2,4,INDIRECT_CALL,test01_global_fptr_call,,0x148f,0x0,0x0,0x70ea3e2c73b9,0x0,0x1,0x0,0x70ea33bfe880,0x70ea33bfe880,0x70ea2c000ba0,0x70ea42a05710,0x0,0x70ea3e2c73b9,0x0,1,0x72e1d06f2e8f2fe,0x0
118,29925762225599,95621,2,3,RET,test_target_a,,0x13d2,0x0,0x0,0x11,0x0,0x1,0x0,0x70ea33bfe878,0x70ea33bfe880,0x70ea2c000ba0,0x70ea42a05710,0x70ea3e2c7491,0x70ea3e2c73b9,0x70ea3e2c7491,1,0x52877fd6d5ad4eb7,0x0
119,29925762229946,95621,2,3,RET,test01_global_fptr_call,,0x1493,0x0,0x0,0x11,0x0,0x1,0x0,0x70ea33bfe888,0x70ea33bfe890,0x70ea2c000ba0,0x70ea42a05710,0x70ea3e2c7a2a,0x70ea3e2c73b9,0x70ea3e2c7a2a,1,0xd90f289b215045eb,0x0
120,29925762244954,95621,2,4,INDIRECT_CALL,test02_local_fptr_call,,0x14be,0x0,0x0,0x70ea3e2c73d3,0x0,0x1,0x0,0x70ea33bfe870,0x70ea33bfe880,0x70ea2c000ba0,0x70ea42a05710,0x0,0x70ea3e2c73d3,0x0,1,0xa057294348b28592,0x0
121,29925762253706,95621,2,3,RET,test_target_b,,0x13ec,0x0,0x0,0x11,0x0,0x1,0x0,0x70ea33bfe868,0x70ea33bfe880,0x70ea2c000ba0,0x70ea42a05710,0x70ea3e2c74c0,0x70ea3e2c73d3,0x70ea3e2c74c0,1,0xd32e9fc9b9a1cfea,0x0
122,29925762257472,95621,2,3,RET,test02_local_fptr_call,,0x14c2,0x0,0x0,0x11,0x0,0x1,0x0,0x70ea33bfe888,0x70ea33bfe890,0x70ea2c000ba0,0x70ea42a05710,0x70ea3e2c7a2f,0x70ea3e2c73d3,0x70ea3e2c7a2f,1,0xedb12864903ad2a2,0x0
123,29925762269894,95621,2,4,INDIRECT_CALL,test03_table_fptr_call,,0x150f,0x0,0x0,0x70ea3e2c73ed,0x0,0x10,0x0,0x70ea33bfe870,0x70ea33bfe880,0x70ea2c000ba0,0x70ea33bfe670,0x0,0x2,0x0,0,0xfd88c9ba995a52ab,0x0
124,29925762278086,95621,2,3,RET,test_target_c,,0x1406,0x0,0x0,0x11,0x0,0x1,0x0,0x70ea33bfe868,0x70ea33bfe880,0x70ea2c000ba0,0x70ea42a05710,0x70ea3e2c7511,0x2,0x70ea3e2c7511,1,0x7f74a062be7c1e0,0x0
125,29925762281697,95621,2,3,RET,test03_table_fptr_call,,0x1513,0x0,0x0,0x11,0x0,0x1,0x0,0x70ea33bfe888,0x70ea33bfe890,0x70ea2c000ba0,0x70ea42a05710,0x70ea3e2c7a39,0x2,0x70ea3e2c7a39,1,0x8ec4337b21ffcc60,0x0
126,29925762295581,95621,2,4,INDIRECT_CALL,test04_stack_fptr_call,,0x1546,0x0,0x0,0x70ea3e2c73ed,0x0,0x1,0x0,0x70ea33bfe870,0x70ea33bfe880,0x70ea2c000ba0,0x70ea42a05710,0x0,0x70ea3e2c73ed,0x0,1,0xe7c2d6b4e79d0d9e,0x0
127,29925762302659,95621,2,3,RET,test_target_c,,0x1406,0x0,0x0,0x11,0x0,0x1,0x0,0x70ea33bfe868,0x70ea33bfe880,0x70ea2c000ba0,0x70ea42a05710,0x70ea3e2c7548,0x70ea3e2c73ed,0x70ea3e2c7548,1,0xa1a8d861e39658e,0x0
128,29925762306107,95621,2,3,RET,test04_stack_fptr_call,,0x154a,0x0,0x0,0x11,0x0,0x1,0x0,0x70ea33bfe888,0x70ea33bfe890,0x70ea2c000ba0,0x70ea42a05710,0x70ea3e2c7a3e,0x70ea3e2c73ed,0x70ea3e2c7a3e,1,0xe7d5127df5358176,0x0
129,29925762323303,95621,2,4,INDIRECT_CALL,test05_vtable_call,,0x1587,0x0,0x0,0x70ea3e2c73b9,0x0,0x1,0x0,0x70ea33bfe860,0x70ea33bfe880,0x70ea2c000ba0,0x70ea42a05710,0x0,0x70ea3e2c73d3,0x0,0,0x7a6934c31b7f8fa9,0x0
130,29925762330125,95621,2,3,RET,test_target_a,,0x13d2,0x0,0x0,0x11,0x0,0x1,0x0,0x70ea33bfe858,0x70ea33bfe880,0x70ea2c000ba0,0x70ea42a05710,0x70ea3e2c7589,0x70ea3e2c73d3,0x70ea3e2c7589,1,0x85c1919698cc1e7e,0x0
131,29925762337215,95621,2,4,INDIRECT_CALL,test05_vtable_call,,0x158d,0x0,0x0,0x70ea3e2c73d3,0x0,0x1,0x0,0x70ea33bfe860,0x70ea33bfe880,0x70ea2c000ba0,0x70ea42a05710,0x0,0x70ea3e2c73d3,0x0,1,0xc50ce14ad3a75fa6,0x0
132,29925762344242,95621,2,3,RET,test_target_b,,0x13ec,0x0,0x0,0x11,0x0,0x1,0x0,0x70ea33bfe858,0x70ea33bfe880,0x70ea2c000ba0,0x70ea42a05710,0x70ea3e2c758f,0x70ea3e2c73d3,0x70ea3e2c758f,1,0x12bdec163dccc33d,0x0
133,29925762347573,95621,2,3,RET,test05_vtable_call,,0x1591,0x0,0x0,0x11,0x0,0x1,0x0,0x70ea33bfe888,0x70ea33bfe890,0x70ea2c000ba0,0x70ea42a05710,0x70ea3e2c7a43,0x70ea3e2c73d3,0x70ea3e2c7a43,1,0x17b1163e31d9b6f9,0x0
134,29925762359754,95621,2,4,INDIRECT_CALL,call_via_fp,,0x15a6,0x0,0x0,0x70ea3e2c7407,0x0,0x1,0x0,0x70ea33bfe860,0x70ea33bfe870,0x70ea2c000ba0,0x70ea3e2c7407,0x0,0x70ea3e2c7407,0x0,1,0xe2f21dd2fa08b086,0x0
135,29925762368117,95621,2,3,RET,test_target_d,,0x1420,0x0,0x0,0x11,0x0,0x1,0x0,0x70ea33bfe858,0x70ea33bfe870,0x70ea2c000ba0,0x70ea42a05710,0x70ea3e2c75a8,0x70ea3e2c7407,0x70ea3e2c75a8,1,0x8d6928da92072b6,0x0
136,29925762371556,95621,2,3,RET,call_via_fp,,0x15aa,0x0,0x0,0x11,0x0,0x1,0x0,0x70ea33bfe878,0x70ea33bfe880,0x70ea2c000ba0,0x70ea42a05710,0x70ea3e2c75d1,0x70ea3e2c7407,0x70ea3e2c75d1,1,0x75859c11d4884b7e,0x0
137,29925762374781,95621,2,3,RET,test06_callback_arg,,0x15d3,0x0,0x0,0x11,0x0,0x1,0x0,0x70ea33bfe888,0x70ea33bfe890,0x70ea2c000ba0,0x70ea42a05710,0x70ea3e2c7a48,0x70ea3e2c7407,0x70ea3e2c7a48,1,0xfc31deee667c88a6,0x0
138,29925762387988,95621,2,4,INDIRECT_CALL,test07_indirect_jump,,0x162c,0x0,0x0,0x70ea3e2c73b9,0x0,0x1,0x0,0x70ea33bfe840,0x70ea33bfe880,0x70ea2c000ba0,0x70ea42a05710,0x0,0x70ea3e2c7407,0x0,0,0x9dd0ca6b38546268,0x0
139,29925762394976,95621,2,3,RET,test_target_a,,0x13d2,0x0,0x0,0x11,0x0,0x1,0x0,0x70ea33bfe838,0x70ea33bfe880,0x70ea2c000ba0,0x70ea42a05710,0x70ea3e2c762e,0x70ea3e2c7407,0x70ea3e2c762e,1,0x97cdd911365a0c76,0x0
140,29925762406215,95621,2,4,INDIRECT_CALL,test07_indirect_jump,,0x163d,0x0,0x0,0x70ea3e2c73ed,0x0,0x1,0x0,0x70ea33bfe840,0x70ea33bfe880,0x70ea2c000ba0,0x70ea42a05710,0x0,0x70ea3e2c73ed,0x0,1,0x9ce591b32d67423e,0x0
141,29925762413164,95621,2,3,RET,test_target_c,,0x1406,0x0,0x0,0x11,0x0,0x1,0x0,0x70ea33bfe838,0x70ea33bfe880,0x70ea2c000ba0,0x70ea42a05710,0x70ea3e2c763f,0x70ea3e2c73ed,0x70ea3e2c763f,1,0xef3ff6cec51a8ea5,0x0
142,29925762416657,95621,2,3,RET,test07_indirect_jump,,0x1655,0x0,0x0,0x0,0x0,0x1,0x0,0x70ea33bfe888,0x70ea33bfe890,0x70ea2c000ba0,0x70ea42a05710,0x70ea3e2c7a52,0x70ea3e2c73ed,0x70ea3e2c7a52,1,0xbf6746da3c630241,0x0
143,29925762426832,95621,2,4,INDIRECT_CALL,test08_indirect_call_with_retval,,0x1688,0x0,0x0,0x5,0x0,0x70ea3e2c7421,0x0,0x70ea33bfe860,0x70ea33bfe880,0x70ea2c000ba0,0x5,0x0,0x70ea3e2c7421,0x0,0,0x233d1fa303198105,0x0
144,29925762433951,95621,2,3,RET,test_target_ret_int,,0x1432,0x0,0x0,0xa,0x0,0x70ea3e2c7421,0x0,0x70ea33bfe858,0x70ea33bfe880,0x70ea2c000ba0,0x5,0x70ea3e2c768a,0x70ea3e2c7421,0x70ea3e2c768a,1,0x7c8802d62609ebab,0x0
145,29925762438167,95621,2,3,RET,test08_indirect_call_with_retval,,0x16a8,0x0,0x0,0x11,0x0,0x0,0x0,0x70ea33bfe888,0x70ea33bfe890,0x70ea2c000ba0,0x70ea33bfe660,0x70ea3e2c7a5c,0x70ea3e2c7421,0x70ea3e2c7a5c,1,0x8106547e94971cf,0x0
146,29925762452315,95621,2,4,INDIRECT_CALL,test09_indirect_call_multiarg,,0x16e2,0x0,0x0,0x70ea3e2c7433,0x0,0x1e,0x0,0x70ea33bfe870,0x70ea33bfe880,0x14,0xa,0x0,0x70ea3e2c7433,0x0,1,0x1949231dc094ae48,0x0
147,29925762460077,95621,2,3,RET,test_target_arg,,0x146d,0x0,0x0,0x12,0x0,0x0,0x0,0x70ea33bfe868,0x70ea33bfe880,0x70ea2c000ba0,0x70ea33bfe650,0x70ea3e2c76e4,0x70ea3e2c7433,0x70ea3e2c76e4,1,0xc3bfb79760189b8c,0x0
148,29925762463410,95621,2,3,RET,test09_indirect_call_multiarg,,0x16e6,0x0,0x0,0x12,0x0,0x0,0x0,0x70ea33bfe888,0x70ea33bfe890,0x70ea2c000ba0,0x70ea33bfe650,0x70ea3e2c7a61,0x70ea3e2c7433,0x70ea3e2c7a61,1,0x310bdd424426e29c,0x0
149,29925762477863,95621,2,4,INDIRECT_CALL,test10_volatile_fptr,,0x1711,0x0,0x0,0x70ea3e2c73b9,0x0,0x1,0x0,0x70ea33bfe870,0x70ea33bfe880,0x70ea2c000ba0,0x70ea42a05710,0x0,0x70ea3e2c73b9,0x0,1,0x57e045c2f6fd4462,0x0
150,29925762484679,95621,2,3,RET,test_target_a,,0x13d2,0x0,0x0,0x11,0x0,0x1,0x0,0x70ea33bfe868,0x70ea33bfe880,0x70ea2c000ba0,0x70ea42a05710,0x70ea3e2c7713,0x70ea3e2c73b9,0x70ea3e2c7713,1,0x354071841a7870cd,0x0
151,29925762487993,95621,2,3,RET,test10_volatile_fptr,,0x1715,0x0,0x0,0x11,0x0,0x1,0x0,0x70ea33bfe888,0x70ea33bfe890,0x70ea2c000ba0,0x70ea42a05710,0x70ea3e2c7a66,0x70ea3e2c73b9,0x70ea3e2c7a66,1,0xa5eba31b43347d49,0x0
152,29925762498760,95621,2,4,INDIRECT_CALL,test11_conditional_indirect,,0x1760,0x0,0x0,0x70ea3e2c73b9,0x0,0x0,0x0,0x70ea33bfe860,0x70ea33bfe880,0x70ea2c000ba0,0x70ea33bfe660,0x0,0x70ea3e2c73b9,0x0,1,0xfe2e5fb4be17c761,0x0
153,29925762505558,95621,2,3,RET,test_target_a,,0x13d2,0x0,0x0,0x11,0x0,0x1,0x0,0x70ea33bfe858,0x70ea33bfe880,0x70ea2c000ba0,0x70ea42a05710,0x70ea3e2c7762,0x70ea3e2c73b9,0x70ea3e2c7762,1,0x44f6e1e404e5e9af,0x0
154,29925762508954,95621,2,3,RET,test11_conditional_indirect,,0x1764,0x0,0x0,0x11,0x0,0x1,0x0,0x70ea33bfe888,0x70ea33bfe890,0x70ea2c000ba0,0x70ea42a05710,0x70ea3e2c7a70,0x70ea3e2c73b9,0x70ea3e2c7a70,1,0x318bd1bc4f71d183,0x0
155,29925762523677,95621,2,4,INDIRECT_CALL,test12_switch_style,,0x17ed,0x0,0x0,0x70ea3e2c73ed,0x0,0x0,0x0,0x70ea33bfe860,0x70ea33bfe880,0x70ea2c000ba0,0x70ea33bfe660,0x0,0x70ea3e2c73b9,0x0,0,0x4564e522e89e3735,0x0
156,29925762530650,95621,2,3,RET,test_target_c,,0x1406,0x0,0x0,0x11,0x0,0x1,0x0,0x70ea33bfe858,0x70ea33bfe880,0x70ea2c000ba0,0x70ea42a05710,0x70ea3e2c77ef,0x70ea3e2c73b9,0x70ea3e2c77ef,1,0x5fd64920682e1f80,0x0
157,29925762533909,95621,2,3,RET,test12_switch_style,,0x17f1,0x0,0x0,0x11,0x0,0x1,0x0,0x70ea33bfe888,0x70ea33bfe890,0x70ea2c000ba0,0x70ea42a05710,0x70ea3e2c7a7a,0x70ea3e2c73b9,0x70ea3e2c7a7a,1,0xe2094c36463c6980,0x0
158,29925762547099,95621,2,4,INDIRECT_CALL,test13_runtime_computed_target,,0x1856,0x0,0x0,0x70ea3e2c73ed,0x0,0x1,0x0,0x70ea33bfe850,0x70ea33bfe880,0x70ea2c000ba0,0x70ea42a05710,0x0,0x3e2c77ef00000002,0x0,0,0x5864cab0e93ebfff,0x0
159,29925762553809,95621,2,3,RET,test_target_c,,0x1406,0x0,0x0,0x11,0x0,0x1,0x0,0x70ea33bfe848,0x70ea33bfe880,0x70ea2c000ba0,0x70ea42a05710,0x70ea3e2c7858,0x3e2c77ef00000002,0x70ea3e2c7858,1,0x8b989acac71e9eb,0x0
160,29925762557298,95621,2,3,RET,test13_runtime_computed_target,,0x186e,0x0,0x0,0x0,0x0,0x1,0x0,0x70ea33bfe888,0x70ea33bfe890,0x70ea2c000ba0,0x70ea42a05710,0x70ea3e2c7a7f,0x3e2c77ef00000002,0x70ea3e2c7a7f,1,0x9248878fb888330f,0x0
161,29925762568901,95621,2,3,RET,test14_ret_chain_deep,,0x1888,0x0,0x0,0x14,0x0,0x1,0x0,0x70ea33bfe868,0x70ea33bfe870,0x70ea2c000ba0,0x70ea42a05710,0x70ea3e2c78a5,0x3e2c77ef00000002,0x70ea3e2c78a5,1,0x738d075f20bf193c,0x0
162,29925762572286,95621,2,3,RET,test14_ret_chain_mid,,0x18a7,0x0,0x0,0x14,0x0,0x1,0x0,0x70ea33bfe878,0x70ea33bfe880,0x70ea2c000ba0,0x70ea42a05710,0x70ea3e2c78c4,0x3e2c77ef00000002,0x70ea3e2c78c4,1,0x62ef8b0eb76068c,0x0
163,29925762575701,95621,2,3,RET,test14_ret_chain,,0x18c6,0x0,0x0,0x14,0x0,0x1,0x0,0x70ea33bfe888,0x70ea33bfe890,0x70ea2c000ba0,0x70ea42a05710,0x70ea3e2c7a84,0x3e2c77ef00000002,0x70ea3e2c7a84,1,0x3664e004d387719c,0x0
164,29925762589153,95621,2,4,INDIRECT_CALL,test15_double_indirect,,0x18fc,0x0,0x0,0x70ea3e2c73b9,0x0,0x1,0x0,0x70ea33bfe870,0x70ea33bfe880,0x70ea2c000ba0,0x70ea42a05710,0x0,0x70ea3e2c73b9,0x0,1,0x8412e948599deb85,0x0
165,29925762596111,95621,2,3,RET,test_target_a,,0x13d2,0x0,0x0,0x11,0x0,0x1,0x0,0x70ea33bfe868,0x70ea33bfe880,0x70ea2c000ba0,0x70ea42a05710,0x70ea3e2c78fe,0x70ea3e2c73b9,0x70ea3e2c78fe,1,0xcbd7c80d33de469f,0x0
166,29925762599736,95621,2,3,RET,test15_double_indirect,,0x1900,0x0,0x0,0x11,0x0,0x1,0x0,0x70ea33bfe888,0x70ea33bfe890,0x70ea2c000ba0,0x70ea42a05710,0x70ea3e2c7a89,0x70ea3e2c73b9,0x70ea3e2c7a89,1,0x9e35c145cd2283b3,0x0
167,29925762613513,95621,2,3,RET,get_target,,0x1982,0x0,0x0,0x70ea3e2c73d3,0x1,0x0,0x0,0x70ea33bfe868,0x70ea33bfe880,0x70ea2c000ba0,0x1,0x70ea3e2c79a8,0x70ea3e2c73b9,0x70ea3e2c79a8,1,0x8967c3882de57dad,0x0
168,29925762620128,95621,2,4,INDIRECT_CALL,test16_returned_fptr_call,,0x19b0,0x0,0x0,0x70ea3e2c73d3,0x1,0x0,0x0,0x70ea33bfe870,0x70ea33bfe880,0x70ea2c000ba0,0x1,0x0,0x70ea3e2c73b9,0x0,0,0xedbc835f97cf38a9,0x0
169,29925762627017,95621,2,3,RET,test_target_b,,0x13ec,0x0,0x0,0x11,0x0,0x1,0x0,0x70ea33bfe868,0x70ea33bfe880,0x70ea2c000ba0,0x70ea42a05710,0x70ea3e2c79b2,0x70ea3e2c73b9,0x70ea3e2c79b2,1,0x8ac6179d823517a7,0x0
170,29925762630296,95621,2,3,RET,test16_returned_fptr_call,,0x19b4,0x0,0x0,0x11,0x0,0x1,0x0,0x70ea33bfe888,0x70ea33bfe890,0x70ea2c000ba0,0x70ea42a05710,0x70ea3e2c7a8e,0x70ea3e2c73b9,0x70ea3e2c7a8e,1,0xb36c3bce4ff9f41b,0x0
171,29925762643016,95621,2,4,INDIRECT_CALL,test17_nested_struct_fptr,,0x19f5,0x0,0x0,0x70ea3e2c73d3,0x0,0x1,0x0,0x70ea33bfe850,0x70ea33bfe880,0x70ea2c000ba0,0x70ea42a05710,0x0,0x70ea3e2c73d3,0x0,1,0x109195b41973d7a6,0x0
172,29925762649735,95621,2,3,RET,test_target_b,,0x13ec,0x0,0x0,0x11,0x0,0x1,0x0,0x70ea33bfe848,0x70ea33bfe880,0x70ea2c000ba0,0x70ea42a05710,0x70ea3e2c79f7,0x70ea3e2c73d3,0x70ea3e2c79f7,1,0xed5bb6ca126bdfa5,0x0
173,29925762653059,95621,2,3,RET,test17_nested_struct_fptr,,0x1a0d,0x0,0x0,0x0,0x0,0x1,0x0,0x70ea33bfe888,0x70ea33bfe890,0x70ea2c000ba0,0x70ea42a05710,0x70ea3e2c7a93,0x70ea3e2c73d3,0x70ea3e2c7a93,1,0xb0b608de94b07f41,0x0
174,29925762657756,95621,2,3,RET,test_all,,0x1aa4,0x0,0x0,0x27,0x0,0x1,0x0,0x70ea33bfe898,0x70ea33bfe8a0,0x70ea2c000ba0,0x70ea42a05710,0x70ea42a44b16,0x70ea3e2c73d3,0x70ea42a44b16,1,0x141d68e50331fcad,0x0
175,29926763029906,95621,2,4,INDIRECT_CALL,test01_global_fptr_call,,0x148f,0x0,0x0,0x70ea3e2c73b9,0x0,0x1,0x0,0x70ea33bfe880,0x70ea33bfe880,0x70ea2c000ba0,0x70ea42a05710,0x0,0x70ea3e2c73b9,0x0,1,0x302164f59864d8d9,0x0
176,29926763058889,95621,2,3,RET,test_target_a,,0x13d2,0x0,0x0,0x11,0x0,0x1,0x0,0x70ea33bfe878,0x70ea33bfe880,0x70ea2c000ba0,0x70ea42a05710,0x70ea3e2c7491,0x70ea3e2c73b9,0x70ea3e2c7491,1,0x1ca04a0f6dd8e6f6,0x0
177,29926763063657,95621,2,3,RET,test01_global_fptr_call,,0x1493,0x0,0x0,0x11,0x0,0x1,0x0,0x70ea33bfe888,0x70ea33bfe890,0x70ea2c000ba0,0x70ea42a05710,0x70ea3e2c7a2a,0x70ea3e2c73b9,0x70ea3e2c7a2a,1,0x39a34470f3fd4abe,0x0
178,29926763088274,95621,2,4,INDIRECT_CALL,test02_local_fptr_call,,0x14be,0x0,0x0,0x70ea3e2c73d3,0x0,0x1,0x0,0x70ea33bfe870,0x70ea33bfe880,0x70ea2c000ba0,0x70ea42a05710,0x0,0x70ea3e2c73d3,0x0,1,0xb8833727ba166e1d,0x0
179,29926763097390,95621,2,3,RET,test_target_b,,0x13ec,0x0,0x0,0x11,0x0,0x1,0x0,0x70ea33bfe868,0x70ea33bfe880,0x70ea2c000ba0,0x70ea42a05710,0x70ea3e2c74c0,0x70ea3e2c73d3,0x70ea3e2c74c0,1,0x49a635eb98882d19,0x0
180,29926763101161,95621,2,3,RET,test02_local_fptr_call,,0x14c2,0x0,0x0,0x11,0x0,0x1,0x0,0x70ea33bfe888,0x70ea33bfe890,0x70ea2c000ba0,0x70ea42a05710,0x70ea3e2c7a2f,0x70ea3e2c73d3,0x70ea3e2c7a2f,1,0x86254a8faa0ed1a5,0x0
181,29926763114983,95621,2,4,INDIRECT_CALL,test03_table_fptr_call,,0x150f,0x0,0x0,0x70ea3e2c73ed,0x0,0x10,0x0,0x70ea33bfe870,0x70ea33bfe880,0x70ea2c000ba0,0x70ea33bfe670,0x0,0x2,0x0,0,0x7b732a95e9bb8e6,0x0
182,29926763123791,95621,2,3,RET,test_target_c,,0x1406,0x0,0x0,0x11,0x0,0x1,0x0,0x70ea33bfe868,0x70ea33bfe880,0x70ea2c000ba0,0x70ea42a05710,0x70ea3e2c7511,0x2,0x70ea3e2c7511,1,0x4a74e354228842ff,0x0
183,29926763127524,95621,2,3,RET,test03_table_fptr_call,,0x1513,0x0,0x0,0x11,0x0,0x1,0x0,0x70ea33bfe888,0x70ea33bfe890,0x70ea2c000ba0,0x70ea42a05710,0x70ea3e2c7a39,0x2,0x70ea3e2c7a39,1,0x80dfbbbec8a83893,0x0
184,29926763143088,95621,2,4,INDIRECT_CALL,test04_stack_fptr_call,,0x1546,0x0,0x0,0x70ea3e2c73ed,0x0,0x1,0x0,0x70ea33bfe870,0x70ea33bfe880,0x70ea2c000ba0,0x70ea42a05710,0x0,0x70ea3e2c73ed,0x0,1,0x3c2e3298b20e1c89,0x0
185,29926763150647,95621,2,3,RET,test_target_c,,0x1406,0x0,0x0,0x11,0x0,0x1,0x0,0x70ea33bfe868,0x70ea33bfe880,0x70ea2c000ba0,0x70ea42a05710,0x70ea3e2c7548,0x70ea3e2c73ed,0x70ea3e2c7548,1,0x9a655d6cf7aa599d,0x0
186,29926763154675,95621,2,3,RET,test04_stack_fptr_call,,0x154a,0x0,0x0,0x11,0x0,0x1,0x0,0x70ea33bfe888,0x70ea33bfe890,0x70ea2c000ba0,0x70ea42a05710,0x70ea3e2c7a3e,0x70ea3e2c73ed,0x70ea3e2c7a3e,1,0x8cc9c95d8743fdd9,0x0
187,29926763174265,95621,2,4,INDIRECT_CALL,test05_vtable_call,,0x1587,0x0,0x0,0x70ea3e2c73b9,0x0,0x1,0x0,0x70ea33bfe860,0x70ea33bfe880,0x70ea2c000ba0,0x70ea42a05710,0x0,0x70ea3e2c73d3,0x0,0,0xb1a64e1076ea2244,0x0
188,29926763181747,95621,2,3,RET,test_target_a,,0x13d2,0x0,0x0,0x11,0x0,0x1,0x0,0x70ea33bfe858,0x70ea33bfe880,0x70ea2c000ba0,0x70ea42a05710,0x70ea3e2c7589,0x70ea3e2c73d3,0x70ea3e2c7589,1,0xde85ad07bcb9c47d,0x0
189,29926763189844,95621,2,4,INDIRECT_CALL,test05_vtable_call,,0x158d,0x0,0x0,0x70ea3e2c73d3,0x0,0x1,0x0,0x70ea33bfe860,0x70ea33bfe880,0x70ea2c000ba0,0x70ea42a05710,0x0,0x70ea3e2c73d3,0x0,1,0x448a2a5daaa4bf39,0x0
190,29926763197163,95621,2,3,RET,test_target_b,,0x13ec,0x0,0x0,0x11,0x0,0x1,0x0,0x70ea33bfe858,0x70ea33bfe880,0x70ea2c000ba0,0x70ea42a05710,0x70ea3e2c758f,0x70ea3e2c73d3,0x70ea3e2c758f,1,0xd48263d9397f3ed4,0x0
191,29926763200845,95621,2,3,RET,test05_vtable_call,,0x1591,0x0,0x0,0x11,0x0,0x1,0x0,0x70ea33bfe888,0x70ea33bfe890,0x70ea2c000ba0,0x70ea42a05710,0x70ea3e2c7a43,0x70ea3e2c73d3,0x70ea3e2c7a43,1,0x978c7a60ac4a5844,0x0
192,29926763214518,95621,2,4,INDIRECT_CALL,call_via_fp,,0x15a6,0x0,0x0,0x70ea3e2c7407,0x0,0x1,0x0,0x70ea33bfe860,0x70ea33bfe870,0x70ea2c000ba0,0x70ea3e2c7407,0x0,0x70ea3e2c7407,0x0,1,0xeb4a1fda83bcce8d,0x0
193,29926763223443,95621,2,3,RET,test_target_d,,0x1420,0x0,0x0,0x11,0x0,0x1,0x0,0x70ea33bfe858,0x70ea33bfe870,0x70ea2c000ba0,0x70ea42a05710,0x70ea3e2c75a8,0x70ea3e2c7407,0x70ea3e2c75a8,1,0xe2b8f8a72c615db1,0x0
194,29926763227044,95621,2,3,RET,call_via_fp,,0x15aa,0x0,0x0,0x11,0x0,0x1,0x0,0x70ea33bfe878,0x70ea33bfe880,0x70ea2c000ba0,0x70ea42a05710,0x70ea3e2c75d1,0x70ea3e2c7407,0x70ea3e2c75d1,1,0xa815dacbf7e6d25d,0x0
195,29926763230621,95621,2,3,RET,test06_callback_arg,,0x15d3,0x0,0x0,0x11,0x0,0x1,0x0,0x70ea33bfe888,0x70ea33bfe890,0x70ea2c000ba0,0x70ea42a05710,0x70ea3e2c7a48,0x70ea3e2c7407,0x70ea3e2c7a48,1,0x3daba651324de799,0x0
196,29926763245633,95621,2,4,INDIRECT_CALL,test07_indirect_jump,,0x162c,0x0,0x0,0x70ea3e2c73b9,0x0,0x1,0x0,0x70ea33bfe840,0x70ea33bfe880,0x70ea2c000ba0,0x70ea42a05710,0x0,0x70ea3e2c7407,0x0,0,0x6929464f00188213,0x0
197,29926763253261,95621,2,3,RET,test_target_a,,0x13d2,0x0,0x0,0x11,0x0,0x1,0x0,0x70ea33bfe838,0x70ea33bfe880,0x70ea2c000ba0,0x70ea42a05710,0x70ea3e2c762e,0x70ea3e2c7407,0x70ea3e2c762e,1,0xca1f4da5efc3a245,0x0
198,29926763265614,95621,2,4,INDIRECT_CALL,test07_indirect_jump,,0x163d,0x0,0x0,0x70ea3e2c73ed,0x0,0x1,0x0,0x70ea33bfe840,0x70ea33bfe880,0x70ea2c000ba0,0x70ea42a05710,0x0,0x70ea3e2c73ed,0x0,1,0xc934bc37b81b1d61,0x0
199,29926763273027,95621,2,3,RET,test_target_c,,0x1406,0x0,0x0,0x11,0x0,0x1,0x0,0x70ea33bfe838,0x70ea33bfe880,0x70ea2c000ba0,0x70ea42a05710,0x70ea3e2c763f,0x70ea3e2c73ed,0x70ea3e2c763f,1,0x75a465400085868c,0x0
200,29926763276849,95621,2,3,RET,test07_indirect_jump,,0x1655,0x0,0x0,0x0,0x0,0x1,0x0,0x70ea33bfe888,0x70ea33bfe890,0x70ea2c000ba0,0x70ea42a05710,0x70ea3e2c7a52,0x70ea3e2c73ed,0x70ea3e2c7a52,1,0xbd7aead88420f19c,0x0
201,29926763287784,95621,2,4,INDIRECT_CALL,test08_indirect_call_with_retval,,0x1688,0x0,0x0,0x5,0x0,0x70ea3e2c7421,0x0,0x70ea33bfe860,0x70ea33bfe880,0x70ea2c000ba0,0x5,0x0,0x70ea3e2c7421,0x0,0,0xe312c67b1f936b58,0x0
202,29926763296463,95621,2,3,RET,test_target_ret_int,,0x1432,0x0,0x0,0xa,0x0,0x70ea3e2c7421,0x0,0x70ea33bfe858,0x70ea33bfe880,0x70ea2c000ba0,0x5,0x70ea3e2c768a,0x70ea3e2c7421,0x70ea3e2c768a,1,0x2db6e051ba89fb02,0x0
203,29926763301160,95621,2,3,RET,test08_indirect_call_with_retval,,0x16a8,0x0,0x0,0x11,0x0,0x0,0x0,0x70ea33bfe888,0x70ea33bfe890,0x70ea2c000ba0,0x70ea33bfe660,0x70ea3e2c7a5c,0x70ea3e2c7421,0x70ea3e2c7a5c,1,0x6ec9b9161cc67bda,0x0
204,29926763316794,95621,2,4,INDIRECT_CALL,test09_indirect_call_multiarg,,0x16e2,0x0,0x0,0x70ea3e2c7433,0x0,0x1e,0x0,0x70ea33bfe870,0x70ea33bfe880,0x14,0xa,0x0,0x70ea3e2c7433,0x0,1,0xdbd39836c7de6acb,0x0
205,29926763325261,95621,2,3,RET,test_target_arg,,0x146d,0x0,0x0,0x12,0x0,0x0,0x0,0x70ea33bfe868,0x70ea33bfe880,0x70ea2c000ba0,0x70ea33bfe650,0x70ea3e2c76e4,0x70ea3e2c7433,0x70ea3e2c76e4,1,0xb4968f5d023fc953,0x0
206,29926763328980,95621,2,3,RET,test09_indirect_call_multiarg,,0x16e6,0x0,0x0,0x12,0x0,0x0,0x0,0x70ea33bfe888,0x70ea33bfe890,0x70ea2c000ba0,0x70ea33bfe650,0x70ea3e2c7a61,0x70ea3e2c7433,0x70ea3e2c7a61,1,0x434b50bd2db20257,0x0
207,29926763345252,95621,2,4,INDIRECT_CALL,test10_volatile_fptr,,0x1711,0x0,0x0,0x70ea3e2c73b9,0x0,0x1,0x0,0x70ea33bfe870,0x70ea33bfe880,0x70ea2c000ba0,0x70ea42a05710,0x0,0x70ea3e2c73b9,0x0,1,0x6f8cec903c79c615,0x0
208,29926763352343,95621,2,3,RET,test_target_a,,0x13d2,0x0,0x0,0x11,0x0,0x1,0x0,0x70ea33bfe868,0x70ea33bfe880,0x70ea2c000ba0,0x70ea42a05710,0x70ea3e2c7713,0x70ea3e2c73b9,0x70ea3e2c7713,1,0x5fe5d5163723404,0x0
209,29926763355923,95621,2,3,RET,test10_volatile_fptr,,0x1715,0x0,0x0,0x11,0x0,0x1,0x0,0x70ea33bfe888,0x70ea33bfe890,0x70ea2c000ba0,0x70ea42a05710,0x70ea3e2c7a66,0x70ea3e2c73b9,0x70ea3e2c7a66,1,0xe4ef717d62915db4,0x0
210,29926763367092,95621,2,4,INDIRECT_CALL,test11_conditional_indirect,,0x1760,0x0,0x0,0x70ea3e2c73b9,0x0,0x0,0x0,0x70ea33bfe860,0x70ea33bfe880,0x70ea2c000ba0,0x70ea33bfe660,0x0,0x70ea3e2c73b9,0x0,1,0xf05a57893e63144,0x0
211,29926763374349,95621,2,3,RET,test_target_a,,0x13d2,0x0,0x0,0x11,0x0,0x1,0x0,0x70ea33bfe858,0x70ea33bfe880,0x70ea2c000ba0,0x70ea42a05710,0x70ea3e2c7762,0x70ea3e2c73b9,0x70ea3e2c7762,1,0xb6a207f37a9e2956,0x0
212,29926763377825,95621,2,3,RET,test11_conditional_indirect,,0x1764,0x0,0x0,0x11,0x0,0x1,0x0,0x70ea33bfe888,0x70ea33bfe890,0x70ea2c000ba0,0x70ea42a05710,0x70ea3e2c7a70,0x70ea3e2c73b9,0x70ea3e2c7a70,1,0x19dc90da3473cd9e,0x0
213,29926763389290,95621,2,4,INDIRECT_CALL,test12_switch_style,,0x17ed,0x0,0x0,0x70ea3e2c73ed,0x0,0x0,0x0,0x70ea33bfe860,0x70ea33bfe880,0x70ea2c000ba0,0x70ea33bfe660,0x0,0x70ea3e2c73b9,0x0,0,0xb3e61b47072cdc48,0x0
214,29926763396837,95621,2,3,RET,test_target_c,,0x1406,0x0,0x0,0x11,0x0,0x1,0x0,0x70ea33bfe858,0x70ea33bfe880,0x70ea2c000ba0,0x70ea42a05710,0x70ea3e2c77ef,0x70ea3e2c73b9,0x70ea3e2c77ef,1,0xd70b320e60e83297,0x0
215,29926763400308,95621,2,3,RET,test12_switch_style,,0x17f1,0x0,0x0,0x11,0x0,0x1,0x0,0x70ea33bfe888,0x70ea33bfe890,0x70ea2c000ba0,0x70ea42a05710,0x70ea3e2c7a7a,0x70ea3e2c73b9,0x70ea3e2c7a7a,1,0x56be9a157a118c4b,0x0
216,29926763415446,95621,2,4,INDIRECT_CALL,test13_runtime_computed_target,,0x1856,0x0,0x0,0x70ea3e2c73ed,0x0,0x1,0x0,0x70ea33bfe850,0x70ea33bfe880,0x70ea2c000ba0,0x70ea42a05710,0x0,0x3e2c77ef00000002,0x0,0,0x6f3899793d0e2342,0x0
217,29926763422880,95621,2,3,RET,test_target_c,,0x1406,0x0,0x0,0x11,0x0,0x1,0x0,0x70ea33bfe848,0x70ea33bfe880,0x70ea2c000ba0,0x70ea42a05710,0x70ea3e2c7858,0x3e2c77ef00000002,0x70ea3e2c7858,1,0x1622191c54cf9772,0x0
218,29926763426657,95621,2,3,RET,test13_runtime_computed_target,,0x186e,0x0,0x0,0x0,0x0,0x1,0x0,0x70ea33bfe888,0x70ea33bfe890,0x70ea2c000ba0,0x70ea42a05710,0x70ea3e2c7a7f,0x3e2c77ef00000002,0x70ea3e2c7a7f,1,0x6d9da0ea70b4378a,0x0
219,29926763439139,95621,2,3,RET,test14_ret_chain_deep,,0x1888,0x0,0x0,0x14,0x0,0x1,0x0,0x70ea33bfe868,0x70ea33bfe870,0x70ea2c000ba0,0x70ea42a05710,0x70ea3e2c78a5,0x3e2c77ef00000002,0x70ea3e2c78a5,1,0x5cffa80fa6c66a67,0x0
220,29926763442528,95621,2,3,RET,test14_ret_chain_mid,,0x18a7,0x0,0x0,0x14,0x0,0x1,0x0,0x70ea33bfe878,0x70ea33bfe880,0x70ea2c000ba0,0x70ea42a05710,0x70ea3e2c78c4,0x3e2c77ef00000002,0x70ea3e2c78c4,1,0x7382b1f4e990afdb,0x0
221,29926763446488,95621,2,3,RET,test14_ret_chain,,0x18c6,0x0,0x0,0x14,0x0,0x1,0x0,0x70ea33bfe888,0x70ea33bfe890,0x70ea2c000ba0,0x70ea42a05710,0x70ea3e2c7a84,0x3e2c77ef00000002,0x70ea3e2c7a84,1,0xd398c70026919a3f,0x0
222,29926763461154,95621,2,4,INDIRECT_CALL,test15_double_indirect,,0x18fc,0x0,0x0,0x70ea3e2c73b9,0x0,0x1,0x0,0x70ea33bfe870,0x70ea33bfe880,0x70ea2c000ba0,0x70ea42a05710,0x0,0x70ea3e2c73b9,0x0,1,0xec64e3dac260a460,0x0
223,29926763468408,95621,2,3,RET,test_target_a,,0x13d2,0x0,0x0,0x11,0x0,0x1,0x0,0x70ea33bfe868,0x70ea33bfe880,0x70ea2c000ba0,0x70ea42a05710,0x70ea3e2c78fe,0x70ea3e2c73b9,0x70ea3e2c78fe,1,0x2aee8bd9b77bb5de,0x0
224,29926763472054,95621,2,3,RET,test15_double_indirect,,0x1900,0x0,0x0,0x11,0x0,0x1,0x0,0x70ea33bfe888,0x70ea33bfe890,0x70ea2c000ba0,0x70ea42a05710,0x70ea3e2c7a89,0x70ea3e2c73b9,0x70ea3e2c7a89,1,0x68283476d8ca1386,0x0
225,29926763487263,95621,2,3,RET,get_target,,0x1982,0x0,0x0,0x70ea3e2c73d3,0x1,0x0,0x0,0x70ea33bfe868,0x70ea33bfe880,0x70ea2c000ba0,0x1,0x70ea3e2c79a8,0x70ea3e2c73b9,0x70ea3e2c79a8,1,0xe0664ad7330421dc,0x0
226,29926763494925,95621,2,4,INDIRECT_CALL,test16_returned_fptr_call,,0x19b0,0x0,0x0,0x70ea3e2c73d3,0x1,0x0,0x0,0x70ea33bfe870,0x70ea33bfe880,0x70ea2c000ba0,0x1,0x0,0x70ea3e2c73b9,0x0,0,0x3cc0f0f7073b72ac,0x0
227,29926763506981,95621,2,3,RET,test_target_b,,0x13ec,0x0,0x0,0x11,0x0,0x1,0x0,0x70ea33bfe868,0x70ea33bfe880,0x70ea2c000ba0,0x70ea42a05710,0x70ea3e2c79b2,0x70ea3e2c73b9,0x70ea3e2c79b2,1,0xbf778d7a8e48b4ee,0x0
228,29926763510497,95621,2,3,RET,test16_returned_fptr_call,,0x19b4,0x0,0x0,0x11,0x0,0x1,0x0,0x70ea33bfe888,0x70ea33bfe890,0x70ea2c000ba0,0x70ea42a05710,0x70ea3e2c7a8e,0x70ea3e2c73b9,0x70ea3e2c7a8e,1,0x7ded16b51a298d56,0x0
229,29926763524744,95621,2,4,INDIRECT_CALL,test17_nested_struct_fptr,,0x19f5,0x0,0x0,0x70ea3e2c73d3,0x0,0x1,0x0,0x70ea33bfe850,0x70ea33bfe880,0x70ea2c000ba0,0x70ea42a05710,0x0,0x70ea3e2c73d3,0x0,1,0x2f4a010b567d2ed9,0x0
230,29926763534609,95621,2,3,RET,test_target_b,,0x13ec,0x0,0x0,0x11,0x0,0x1,0x0,0x70ea33bfe848,0x70ea33bfe880,0x70ea2c000ba0,0x70ea42a05710,0x70ea3e2c79f7,0x70ea3e2c73d3,0x70ea3e2c79f7,1,0x5e8e93e54c698a5c,0x0
231,29926763538218,95621,2,3,RET,test17_nested_struct_fptr,,0x1a0d,0x0,0x0,0x0,0x0,0x1,0x0,0x70ea33bfe888,0x70ea33bfe890,0x70ea2c000ba0,0x70ea42a05710,0x70ea3e2c7a93,0x70ea3e2c73d3,0x70ea3e2c7a93,1,0x4f84bbac103ff12c,0x0
232,29926763542988,95621,2,3,RET,test_all,,0x1aa4,0x0,0x0,0x27,0x0,0x1,0x0,0x70ea33bfe898,0x70ea33bfe8a0,0x70ea2c000ba0,0x70ea42a05710,0x70ea42a44b16,0x70ea3e2c73d3,0x70ea42a44b16,1,0x23e722e71abd17bc,0x0
233,29927805741394,95621,2,4,INDIRECT_CALL,test01_global_fptr_call,,0x148f,0x0,0x0,0x70ea3e2c73b9,0x0,0x1,0x0,0x70ea33bfe880,0x70ea33bfe880,0x70ea2c000ba0,0x70ea42a05710,0x0,0x70ea3e2c73b9,0x0,1,0x40ac63661bf0fe74,0x0
234,29927805753123,95621,2,3,RET,test_target_a,,0x13d2,0x0,0x0,0x11,0x0,0x1,0x0,0x70ea33bfe878,0x70ea33bfe880,0x70ea2c000ba0,0x70ea42a05710,0x70ea3e2c7491,0x70ea3e2c73b9,0x70ea3e2c7491,1,0xddc13bfd94dc23f5,0x0
235,29927805757082,95621,2,3,RET,test01_global_fptr_call,,0x1493,0x0,0x0,0x11,0x0,0x1,0x0,0x70ea33bfe888,0x70ea33bfe890,0x70ea2c000ba0,0x70ea42a05710,0x70ea3e2c7a2a,0x70ea3e2c73b9,0x70ea3e2c7a2a,1,0x147ad5b8792df551,0x0
236,29927805772938,95621,2,4,INDIRECT_CALL,test02_local_fptr_call,,0x14be,0x0,0x0,0x70ea3e2c73d3,0x0,0x1,0x0,0x70ea33bfe870,0x70ea33bfe880,0x70ea2c000ba0,0x70ea42a05710,0x0,0x70ea3e2c73d3,0x0,1,0xa32ed4fbf8aed268,0x0
237,29927805788723,95621,2,3,RET,test_target_b,,0x13ec,0x0,0x0,0x11,0x0,0x1,0x0,0x70ea33bfe868,0x70ea33bfe880,0x70ea2c000ba0,0x70ea42a05710,0x70ea3e2c74c0,0x70ea3e2c73d3,0x70ea3e2c74c0,1,0x74dc2fb14afbbb08,0x0
238,29927805793067,95621,2,3,RET,test02_local_fptr_call,,0x14c2,0x0,0x0,0x11,0x0,0x1,0x0,0x70ea33bfe888,0x70ea33bfe890,0x70ea2c000ba0,0x70ea42a05710,0x70ea3e2c7a2f,0x70ea3e2c73d3,0x70ea3e2c7a2f,1,0xbf723c85505b1268,0x0
239,29927805805378,95621,2,4,INDIRECT_CALL,test03_table_fptr_call,,0x150f,0x0,0x0,0x70ea3e2c73ed,0x0,0x10,0x0,0x70ea33bfe870,0x70ea33bfe880,0x70ea2c000ba0,0x70ea33bfe670,0x0,0x2,0x0,0,0x27563819343d96e1,0x0
240,29927805813897,95621,2,3,RET,test_target_c,,0x1406,0x0,0x0,0x11,0x0,0x1,0x0,0x70ea33bfe868,0x70ea33bfe880,0x70ea2c000ba0,0x70ea42a05710,0x70ea3e2c7511,0x2,0x70ea3e2c7511,1,0xce8f9b97d53840de,0x0
241,29927805817186,95621,2,3,RET,test03_table_fptr_call,,0x1513,0x0,0x0,0x11,0x0,0x1,0x0,0x70ea33bfe888,0x70ea33bfe890,0x70ea2c000ba0,0x70ea42a05710,0x70ea3e2c7a39,0x2,0x70ea3e2c7a39,1,0x991fb497766b4286,0x0
242,29927805831364,95621,2,4,INDIRECT_CALL,test04_stack_fptr_call,,0x1546,0x0,0x0,0x70ea3e2c73ed,0x0,0x1,0x0,0x70ea33bfe870,0x70ea33bfe880,0x70ea2c000ba0,0x70ea42a05710,0x0,0x70ea3e2c73ed,0x0,1,0x268dd045bccf5f34,0x0
243,29927805838754,95621,2,3,RET,test_target_c,,0x1406,0x0,0x0,0x11,0x0,0x1,0x0,0x70ea33bfe868,0x70ea33bfe880,0x70ea2c000ba0,0x70ea42a05710,0x70ea3e2c7548,0x70ea3e2c73ed,0x70ea3e2c7548,1,0x6ab79cc86985d66c,0x0
244,29927805842332,95621,2,3,RET,test04_stack_fptr_call,,0x154a,0x0,0x0,0x11,0x0,0x1,0x0,0x70ea33bfe888,0x70ea33bfe890,0x70ea2c000ba0,0x70ea42a05710,0x70ea3e2c7a3e,0x70ea3e2c73ed,0x70ea3e2c7a3e,1,0x87bf6a70f8d933fc,0x0
245,29927805860350,95621,2,4,INDIRECT_CALL,test05_vtable_call,,0x1587,0x0,0x0,0x70ea3e2c73b9,0x0,0x1,0x0,0x70ea33bfe860,0x70ea33bfe880,0x70ea2c000ba0,0x70ea42a05710,0x0,0x70ea3e2c73d3,0x0,0,0x73ae3b2097d4649f,0x0
246,29927805867206,95621,2,3,RET,test_target_a,,0x13d2,0x0,0x0,0x11,0x0,0x1,0x0,0x70ea33bfe858,0x70ea33bfe880,0x70ea2c000ba0,0x70ea42a05710,0x70ea3e2c7589,0x70ea3e2c73d3,0x70ea3e2c7589,1,0x58f576f58e11bf3c,0x0
247,29927805874279,95621,2,4,INDIRECT_CALL,test05_vtable_call,,0x158d,0x0,0x0,0x70ea3e2c73d3,0x0,0x1,0x0,0x70ea33bfe860,0x70ea33bfe880,0x70ea2c000ba0,0x70ea42a05710,0x0,0x70ea3e2c73d3,0x0,1,0x5c0db1f0a3ab48c,0x0
248,29927805881411,95621,2,3,RET,test_target_b,,0x13ec,0x0,0x0,0x11,0x0,0x1,0x0,0x70ea33bfe858,0x70ea33bfe880,0x70ea2c000ba0,0x70ea42a05710,0x70ea3e2c758f,0x70ea3e2c73d3,0x70ea3e2c758f,1,0x917b92946e49fd2b,0x0
249,29927805884882,95621,2,3,RET,test05_vtable_call,,0x1591,0x0,0x0,0x11,0x0,0x1,0x0,0x70ea33bfe888,0x70ea33bfe890,0x70ea2c000ba0,0x70ea42a05710,0x70ea3e2c7a43,0x70ea3e2c73d3,0x70ea3e2c7a43,1,0xa714b94f3ae5e54f,0x0
250,29927805897250,95621,2,4,INDIRECT_CALL,call_via_fp,,0x15a6,0x0,0x0,0x70ea3e2c7407,0x0,0x1,0x0,0x70ea33bfe860,0x70ea33bfe870,0x70ea2c000ba0,0x70ea3e2c7407,0x0,0x70ea3e2c7407,0x0,1,0xc8fe8fd0f1aa9b54,0x0
251,29927805905445,95621,2,3,RET,test_target_d,,0x1420,0x0,0x0,0x11,0x0,0x1,0x0,0x70ea33bfe858,0x70ea33bfe870,0x70ea2c000ba0,0x70ea42a05710,0x70ea3e2c75a8,0x70ea3e2c7407,0x70ea3e2c75a8,1,0x6d2c20fd57f0306c,0x0
252,29927805908929,95621,2,3,RET,call_via_fp,,0x15aa,0x0,0x0,0x11,0x0,0x1,0x0,0x70ea33bfe878,0x70ea33bfe880,0x70ea2c000ba0,0x70ea42a05710,0x70ea3e2c75d1,0x70ea3e2c7407,0x70ea3e2c75d1,1,0xc51d3cba7f8d85fc,0x0
253,29927805912211,95621,2,3,RET,test06_callback_arg,,0x15d3,0x0,0x0,0x11,0x0,0x1,0x0,0x70ea33bfe888,0x70ea33bfe890,0x70ea2c000ba0,0x70ea42a05710,0x70ea3e2c7a48,0x70ea3e2c7407,0x70ea3e2c7a48,1,0x289544c00afcd44c,0x0
254,29927805925969,95621,2,4,INDIRECT_CALL,test07_indirect_jump,,0x162c,0x0,0x0,0x70ea3e2c73b9,0x0,0x1,0x0,0x70ea33bfe840,0x70ea33bfe880,0x70ea2c000ba0,0x70ea42a05710,0x0,0x70ea3e2c7407,0x0,0,0xd12f03808981457e,0x0
255,29927805932982,95621,2,3,RET,test_target_a,,0x13d2,0x0,0x0,0x11,0x0,0x1,0x0,0x70ea33bfe838,0x70ea33bfe880,0x70ea2c000ba0,0x70ea42a05710,0x70ea3e2c762e,0x70ea3e2c7407,0x70ea3e2c762e,1,0xbc69d440acab70d4,0x0
256,29927805943847,95621,2,4,INDIRECT_CALL,test07_indirect_jump,,0x163d,0x0,0x0,0x70ea3e2c73ed,0x0,0x1,0x0,0x70ea33bfe840,0x70ea33bfe880,0x70ea2c000ba0,0x70ea42a05710,0x0,0x70ea3e2c73ed,0x0,1,0xd982864d957a244,0x0
257,29927805950741,95621,2,3,RET,test_target_c,,0x1406,0x0,0x0,0x11,0x0,0x1,0x0,0x70ea33bfe838,0x70ea33bfe880,0x70ea2c000ba0,0x70ea42a05710,0x70ea3e2c763f,0x70ea3e2c73ed,0x70ea3e2c763f,1,0xff47472402594533,0x0
258,29927805954533,95621,2,3,RET,test07_indirect_jump,,0x1655,0x0,0x0,0x0,0x0,0x1,0x0,0x70ea33bfe888,0x70ea33bfe890,0x70ea2c000ba0,0x70ea42a05710,0x70ea3e2c7a52,0x70ea3e2c73ed,0x70ea3e2c7a52,1,0x9378bea9ab8a00b7,0x0
259,29927805964944,95621,2,4,INDIRECT_CALL,test08_indirect_call_with_retval,,0x1688,0x0,0x0,0x5,0x0,0x70ea3e2c7421,0x0,0x70ea33bfe860,0x70ea33bfe880,0x70ea2c000ba0,0x5,0x0,0x70ea3e2c7421,0x0,0,0xfd96c1b781d6db6b,0x0
260,29927805972182,95621,2,3,RET,test_target_ret_int,,0x1432,0x0,0x0,0xa,0x0,0x70ea3e2c7421,0x0,0x70ea33bfe858,0x70ea33bfe880,0x70ea2c000ba0,0x5,0x70ea3e2c768a,0x70ea3e2c7421,0x70ea3e2c768a,1,0x541c5e959f187d19,0x0
261,29927805976526,95621,2,3,RET,test08_indirect_call_with_retval,,0x16a8,0x0,0x0,0x11,0x0,0x0,0x0,0x70ea33bfe888,0x70ea33bfe890,0x70ea2c000ba0,0x70ea33bfe660,0x70ea3e2c7a5c,0x70ea3e2c7421,0x70ea3e2c7a5c,1,0x9a0420e24de0e1a5,0x0
262,29927805990859,95621,2,4,INDIRECT_CALL,test09_indirect_call_multiarg,,0x16e2,0x0,0x0,0x70ea3e2c7433,0x0,0x1e,0x0,0x70ea33bfe870,0x70ea33bfe880,0x14,0xa,0x0,0x70ea3e2c7433,0x0,1,0xb632ac290d64490e,0x0
263,29927805998359,95621,2,3,RET,test_target_arg,,0x146d,0x0,0x0,0x12,0x0,0x0,0x0,0x70ea33bfe868,0x70ea33bfe880,0x70ea2c000ba0,0x70ea33bfe650,0x70ea3e2c76e4,0x70ea3e2c7433,0x70ea3e2c76e4,1,0x982ea1ac50c9d5da,0x0
264,29927806001784,95621,2,3,RET,test09_indirect_call_multiarg,,0x16e6,0x0,0x0,0x12,0x0,0x0,0x0,0x70ea33bfe888,0x70ea33bfe890,0x70ea2c000ba0,0x70ea33bfe650,0x70ea3e2c7a61,0x70ea3e2c7433,0x70ea3e2c7a61,1,0xcce71263a5b479d2,0x0
265,29927806017065,95621,2,4,INDIRECT_CALL,test10_volatile_fptr,,0x1711,0x0,0x0,0x70ea3e2c73b9,0x0,0x1,0x0,0x70ea33bfe870,0x70ea33bfe880,0x70ea2c000ba0,0x70ea42a05710,0x0,0x70ea3e2c73b9,0x0,1,0x8cbd92f3c332c588,0x0
266,29927806023991,95621,2,3,RET,test_target_a,,0x13d2,0x0,0x0,0x11,0x0,0x1,0x0,0x70ea33bfe868,0x70ea33bfe880,0x70ea2c000ba0,0x70ea42a05710,0x70ea3e2c7713,0x70ea3e2c73b9,0x70ea3e2c7713,1,0x3c96b4afe3fe01fb,0x0
267,29927806027447,95621,2,3,RET,test10_volatile_fptr,,0x1715,0x0,0x0,0x11,0x0,0x1,0x0,0x70ea33bfe888,0x70ea33bfe890,0x70ea2c000ba0,0x70ea42a05710,0x70ea3e2c7a66,0x70ea3e2c73b9,0x70ea3e2c7a66,1,0x20265b51bae351df,0x0
268,29927806037965,95621,2,4,INDIRECT_CALL,test11_conditional_indirect,,0x1760,0x0,0x0,0x70ea3e2c73b9,0x0,0x0,0x0,0x70ea33bfe860,0x70ea33bfe880,0x70ea2c000ba0,0x70ea33bfe660,0x0,0x70ea3e2c73b9,0x0,1,0x9d710b67339b34e7,0x0
269,29927806045014,95621,2,3,RET,test_target_a,,0x13d2,0x0,0x0,0x11,0x0,0x1,0x0,0x70ea33bfe858,0x70ea33bfe880,0x70ea2c000ba0,0x70ea42a05710,0x70ea3e2c7762,0x70ea3e2c73b9,0x70ea3e2c7762,1,0x80879f23d4de5fbd,0x0
270,29927806048518,95621,2,3,RET,test11_conditional_indirect,,0x1764,0x0,0x0,0x11,0x0,0x1,0x0,0x70ea33bfe888,0x70ea33bfe890,0x70ea2c000ba0,0x70ea42a05710,0x70ea3e2c7a70,0x70ea3e2c73b9,0x70ea3e2c7a70,1,0x3afec76a6d085979,0x0
271,29927806058924,95621,2,4,INDIRECT_CALL,test12_switch_style,,0x17ed,0x0,0x0,0x70ea3e2c73ed,0x0,0x0,0x0,0x70ea33bfe860,0x70ea33bfe880,0x70ea2c000ba0,0x70ea33bfe660,0x0,0x70ea3e2c73b9,0x0,0,0x77b5ad440ed1f71b,0x0
272,29927806065923,95621,2,3,RET,test_target_c,,0x1406,0x0,0x0,0x11,0x0,0x1,0x0,0x70ea33bfe858,0x70ea33bfe880,0x70ea2c000ba0,0x70ea42a05710,0x70ea3e2c77ef,0x70ea3e2c73b9,0x70ea3e2c77ef,1,0x9d8c48a14292e86e,0x0
273,29927806069271,95621,2,3,RET,test12_switch_style,,0x17f1,0x0,0x0,0x11,0x0,0x1,0x0,0x70ea33bfe888,0x70ea33bfe890,0x70ea2c000ba0,0x70ea42a05710,0x70ea3e2c7a7a,0x70ea3e2c73b9,0x70ea3e2c7a7a,1,0xf17cd995ce727ad6,0x0
274,29927806083228,95621,2,4,INDIRECT_CALL,test13_runtime_computed_target,,0x1856,0x0,0x0,0x70ea3e2c73ed,0x0,0x1,0x0,0x70ea33bfe850,0x70ea33bfe880,0x70ea2c000ba0,0x70ea42a05710,0x0,0x3e2c77ef00000002,0x0,0,0xdba4ddca72459845,0x0
275,29927806089941,95621,2,3,RET,test_target_c,,0x1406,0x0,0x0,0x11,0x0,0x1,0x0,0x70ea33bfe848,0x70ea33bfe880,0x70ea2c000ba0,0x70ea42a05710,0x70ea3e2c7858,0x3e2c77ef00000002,0x70ea3e2c7858,1,0xb25e2b81266553b9,0x0
276,29927806093418,95621,2,3,RET,test13_runtime_computed_target,,0x186e,0x0,0x0,0x0,0x0,0x1,0x0,0x70ea33bfe888,0x70ea33bfe890,0x70ea2c000ba0,0x70ea42a05710,0x70ea3e2c7a7f,0x3e2c77ef00000002,0x70ea3e2c7a7f,1,0x13fd4c50f2bd03c5,0x0
277,29927806105790,95621,2,3,RET,test14_ret_chain_deep,,0x1888,0x0,0x0,0x14,0x0,0x1,0x0,0x70ea33bfe868,0x70ea33bfe870,0x70ea2c000ba0,0x70ea42a05710,0x70ea3e2c78a5,0x3e2c77ef00000002,0x70ea3e2c78a5,1,0xb827f60e4a0f3f52,0x0
278,29927806109175,95621,2,3,RET,test14_ret_chain_mid,,0x18a7,0x0,0x0,0x14,0x0,0x1,0x0,0x70ea33bfe878,0x70ea33bfe880,0x70ea2c000ba0,0x70ea42a05710,0x70ea3e2c78c4,0x3e2c77ef00000002,0x70ea3e2c78c4,1,0x85d74584f934f1ea,0x0
279,29927806112513,95621,2,3,RET,test14_ret_chain,,0x18c6,0x0,0x0,0x14,0x0,0x1,0x0,0x70ea33bfe888,0x70ea33bfe890,0x70ea2c000ba0,0x70ea42a05710,0x70ea3e2c7a84,0x3e2c77ef00000002,0x70ea3e2c7a84,1,0x1bf64debc23c4ca2,0x0
280,29927806126483,95621,2,4,INDIRECT_CALL,test15_double_indirect,,0x18fc,0x0,0x0,0x70ea3e2c73b9,0x0,0x1,0x0,0x70ea33bfe870,0x70ea33bfe880,0x70ea2c000ba0,0x70ea42a05710,0x0,0x70ea3e2c73b9,0x0,1,0xb242a5a633595cfb,0x0
281,29927806133281,95621,2,3,RET,test_target_a,,0x13d2,0x0,0x0,0x11,0x0,0x1,0x0,0x70ea33bfe868,0x70ea33bfe880,0x70ea2c000ba0,0x70ea42a05710,0x70ea3e2c78fe,0x70ea3e2c73b9,0x70ea3e2c78fe,1,0x866e9322bc8389dd,0x0
282,29927806136781,95621,2,3,RET,test15_double_indirect,,0x1900,0x0,0x0,0x11,0x0,0x1,0x0,0x70ea33bfe888,0x70ea33bfe890,0x70ea2c000ba0,0x70ea42a05710,0x70ea3e2c7a89,0x70ea3e2c73b9,0x70ea3e2c7a89,1,0x8ca46ef815f10919,0x0
283,29927806150833,95621,2,3,RET,get_target,,0x1982,0x0,0x0,0x70ea3e2c73d3,0x1,0x0,0x0,0x70ea33bfe868,0x70ea33bfe880,0x70ea2c000ba0,0x1,0x70ea3e2c79a8,0x70ea3e2c73b9,0x70ea3e2c79a8,1,0x2c2a5e4774aeb6cb,0x0
284,29927806157389,95621,2,4,INDIRECT_CALL,test16_returned_fptr_call,,0x19b0,0x0,0x0,0x70ea3e2c73d3,0x1,0x0,0x0,0x70ea33bfe870,0x70ea33bfe880,0x70ea2c000ba0,0x1,0x0,0x70ea3e2c73b9,0x0,0,0xc6a88584d617ae6f,0x0
285,29927806164335,95621,2,3,RET,test_target_b,,0x13ec,0x0,0x0,0x11,0x0,0x1,0x0,0x70ea33bfe868,0x70ea33bfe880,0x70ea2c000ba0,0x70ea42a05710,0x70ea3e2c79b2,0x70ea3e2c73b9,0x70ea3e2c79b2,1,0xed88ec65781590f5,0x0
286,29927806167774,95621,2,3,RET,test16_returned_fptr_call,,0x19b4,0x0,0x0,0x11,0x0,0x1,0x0,0x70ea33bfe888,0x70ea33bfe890,0x70ea2c000ba0,0x70ea42a05710,0x70ea3e2c7a8e,0x70ea3e2c73b9,0x70ea3e2c7a8e,1,0x754bec4705d75e51,0x0
287,29927806180404,95621,2,4,INDIRECT_CALL,test17_nested_struct_fptr,,0x19f5,0x0,0x0,0x70ea3e2c73d3,0x0,0x1,0x0,0x70ea33bfe850,0x70ea33bfe880,0x70ea2c000ba0,0x70ea42a05710,0x0,0x70ea3e2c73d3,0x0,1,0x42032ad80554e3cc,0x0
288,29927806187160,95621,2,3,RET,test_target_b,,0x13ec,0x0,0x0,0x11,0x0,0x1,0x0,0x70ea33bfe848,0x70ea33bfe880,0x70ea2c000ba0,0x70ea42a05710,0x70ea3e2c79f7,0x70ea3e2c73d3,0x70ea3e2c79f7,1,0xed5bd191e559fd3,0x0
289,29927806190808,95621,2,3,RET,test17_nested_struct_fptr,,0x1a0d,0x0,0x0,0x0,0x0,0x1,0x0,0x70ea33bfe888,0x70ea33bfe890,0x70ea2c000ba0,0x70ea42a05710,0x70ea3e2c7a93,0x70ea3e2c73d3,0x70ea3e2c7a93,1,0x12c05ebe315956d7,0x0
290,29927806195415,95621,2,3,RET,test_all,,0x1aa4,0x0,0x0,0x27,0x0,0x1,0x0,0x70ea33bfe898,0x70ea33bfe8a0,0x70ea2c000ba0,0x70ea42a05710,0x70ea42a44b16,0x70ea3e2c73d3,0x70ea42a44b16,1,0x2a682429fcc97b8b,0x0
291,29928821781786,95621,2,4,INDIRECT_CALL,test01_global_fptr_call,,0x148f,0x0,0x0,0x70ea3e2c73b9,0x0,0x1,0x0,0x70ea33bfe880,0x70ea33bfe880,0x70ea2c000ba0,0x70ea42a05710,0x0,0x70ea3e2c73b9,0x0,1,0xee3592dd441293cf,0x0
292,29928821802664,95621,2,3,RET,test_target_a,,0x13d2,0x0,0x0,0x11,0x0,0x1,0x0,0x70ea33bfe878,0x70ea33bfe880,0x70ea2c000ba0,0x70ea42a05710,0x70ea3e2c7491,0x70ea3e2c73b9,0x70ea3e2c7491,1,0x84fa50d9860c75b4,0x0
293,29928821807222,95621,2,3,RET,test01_global_fptr_call,,0x1493,0x0,0x0,0x11,0x0,0x1,0x0,0x70ea33bfe888,0x70ea33bfe890,0x70ea2c000ba0,0x70ea42a05710,0x70ea3e2c7a2a,0x70ea3e2c73b9,0x70ea3e2c7a2a,1,0xa67d8afb9c62f5a4,0x0
294,29928821823610,95621,2,4,INDIRECT_CALL,test02_local_fptr_call,,0x14be,0x0,0x0,0x70ea3e2c73d3,0x0,0x1,0x0,0x70ea33bfe870,0x70ea33bfe880,0x70ea2c000ba0,0x70ea42a05710,0x0,0x70ea3e2c73d3,0x0,1,0x8f5b1dcc6623e273,0x0
295,29928821832462,95621,2,3,RET,test_target_b,,0x13ec,0x0,0x0,0x11,0x0,0x1,0x0,0x70ea33bfe868,0x70ea33bfe880,0x70ea2c000ba0,0x70ea42a05710,0x70ea3e2c74c0,0x70ea3e2c73d3,0x70ea3e2c74c0,1,0xbee61366c438e9b7,0x0
296,29928821836401,95621,2,3,RET,test02_local_fptr_call,,0x14c2,0x0,0x0,0x11,0x0,0x1,0x0,0x70ea33bfe888,0x70ea33bfe890,0x70ea2c000ba0,0x70ea42a05710,0x70ea3e2c7a2f,0x70ea3e2c73d3,0x70ea3e2c7a2f,1,0x7b2dc9e71dfb44eb,0x0
297,29928821858067,95621,2,4,INDIRECT_CALL,test03_table_fptr_call,,0x150f,0x0,0x0,0x70ea3e2c73ed,0x0,0x10,0x0,0x70ea33bfe870,0x70ea33bfe880,0x70ea2c000ba0,0x70ea33bfe670,0x0,0x2,0x0,0,0x470110e0263b1c9c,0x0
298,29928821867128,95621,2,3,RET,test_target_c,,0x1406,0x0,0x0,0x11,0x0,0x1,0x0,0x70ea33bfe868,0x70ea33bfe880,0x70ea2c000ba0,0x70ea42a05710,0x70ea3e2c7511,0x2,0x70ea3e2c7511,1,0x85ab0f12068b2b7d,0x0
299,29928821870659,95621,2,3,RET,test03_table_fptr_call,,0x1513,0x0,0x0,0x11,0x0,0x1,0x0,0x70ea33bfe888,0x70ea33bfe890,0x70ea2c000ba0,0x70ea42a05710,0x70ea3e2c7a39,0x2,0x70ea3e2c7a39,1,0x44074e59902f9a39,0x0
300,29928821885344,95621,2,4,INDIRECT_CALL,test04_stack_fptr_call,,0x1546,0x0,0x0,0x70ea3e2c73ed,0x0,0x1,0x0,0x70ea33bfe870,0x70ea33bfe880,0x70ea2c000ba0,0x70ea42a05710,0x0,0x70ea3e2c73ed,0x0,1,0x457ef267905f059f,0x0
301,29928821893247,95621,2,3,RET,test_target_c,,0x1406,0x0,0x0,0x11,0x0,0x1,0x0,0x70ea33bfe868,0x70ea33bfe880,0x70ea2c000ba0,0x70ea42a05710,0x70ea3e2c7548,0x70ea3e2c73ed,0x70ea3e2c7548,1,0xcaa8e0124264bfb,0x0
302,29928821897172,95621,2,3,RET,test04_stack_fptr_call,,0x154a,0x0,0x0,0x11,0x0,0x1,0x0,0x70ea33bfe888,0x70ea33bfe890,0x70ea2c000ba0,0x70ea42a05710,0x70ea3e2c7a3e,0x70ea3e2c73ed,0x70ea3e2c7a3e,1,0x7af27e698e96d3df,0x0
303,29928821924033,95621,2,4,INDIRECT_CALL,test05_vtable_call,,0x1587,0x0,0x0,0x70ea3e2c73b9,0x0,0x1,0x0,0x70ea33bfe860,0x70ea33bfe880,0x70ea2c000ba0,0x70ea42a05710,0x0,0x70ea3e2c73d3,0x0,0,0x546ca5a3486f86ba,0x0
304,29928821931492,95621,2,3,RET,test_target_a,,0x13d2,0x0,0x0,0x11,0x0,0x1,0x0,0x70ea33bfe858,0x70ea33bfe880,0x70ea2c000ba0,0x70ea42a05710,0x70ea3e2c7589,0x70ea3e2c73d3,0x70ea3e2c7589,1,0x9e689e0f40657ebb,0x0
305,29928821939092,95621,2,4,INDIRECT_CALL,test05_vtable_call,,0x158d,0x0,0x0,0x70ea3e2c73d3,0x0,0x1,0x0,0x70ea33bfe860,0x70ea33bfe880,0x70ea2c000ba0,0x70ea42a05710,0x0,0x70ea3e2c73d3,0x0,1,0x71d985cad775ef9f,0x0
306,29928821946214,95621,2,3,RET,test_target_b,,0x13ec,0x0,0x0,0x11,0x0,0x1,0x0,0x70ea33bfe858,0x70ea33bfe880,0x70ea2c000ba0,0x70ea42a05710,0x70ea3e2c758f,0x70ea3e2c73d3,0x70ea3e2c758f,1,0xbbf95c126033ee42,0x0
307,29928821949774,95621,2,3,RET,test05_vtable_call,,0x1591,0x0,0x0,0x11,0x0,0x1,0x0,0x70ea33bfe888,0x70ea33bfe890,0x70ea2c000ba0,0x70ea42a05710,0x70ea3e2c7a43,0x70ea3e2c73d3,0x70ea3e2c7a43,1,0xe3dd64cbd1c08e1a,0x0
308,29928821962628,95621,2,4,INDIRECT_CALL,call_via_fp,,0x15a6,0x0,0x0,0x70ea3e2c7407,0x0,0x1,0x0,0x70ea33bfe860,0x70ea33bfe870,0x70ea2c000ba0,0x70ea3e2c7407,0x0,0x70ea3e2c7407,0x0,1,0xd32bb0f2195806db,0x0
309,29928821971115,95621,2,3,RET,test_target_d,,0x1420,0x0,0x0,0x11,0x0,0x1,0x0,0x70ea33bfe858,0x70ea33bfe870,0x70ea2c000ba0,0x70ea42a05710,0x70ea3e2c75a8,0x70ea3e2c7407,0x70ea3e2c75a8,1,0x8d330ea084f41ae7,0x0
310,29928821974603,95621,2,3,RET,call_via_fp,,0x15aa,0x0,0x0,0x11,0x0,0x1,0x0,0x70ea33bfe878,0x70ea33bfe880,0x70ea2c000ba0,0x70ea42a05710,0x70ea3e2c75d1,0x70ea3e2c7407,0x70ea3e2c75d1,1,0xbf1af27c71cbd65b,0x0
311,29928821978039,95621,2,3,RET,test06_callback_arg,,0x15d3,0x0,0x0,0x11,0x0,0x1,0x0,0x70ea33bfe888,0x70ea33bfe890,0x70ea2c000ba0,0x70ea42a05710,0x70ea3e2c7a48,0x70ea3e2c7407,0x70ea3e2c7a48,1,0xb97feebd747bfebf,0x0
312,29928821992255,95621,2,4,INDIRECT_CALL,test07_indirect_jump,,0x162c,0x0,0x0,0x70ea3e2c73b9,0x0,0x1,0x0,0x70ea33bfe840,0x70ea33bfe880,0x70ea2c000ba0,0x70ea42a05710,0x0,0x70ea3e2c7407,0x0,0,0xc2b977db50f8dca9,0x0
313,29928821999792,95621,2,3,RET,test_target_a,,0x13d2,0x0,0x0,0x11,0x0,0x1,0x0,0x70ea33bfe838,0x70ea33bfe880,0x70ea2c000ba0,0x70ea42a05710,0x70ea3e2c762e,0x70ea3e2c7407,0x70ea3e2c762e,1,0xceacab8ee0e7e823,0x0
314,29928822010721,95621,2,4,INDIRECT_CALL,test07_indirect_jump,,0x163d,0x0,0x0,0x70ea3e2c73ed,0x0,0x1,0x0,0x70ea33bfe840,0x70ea33bfe880,0x70ea2c000ba0,0x70ea42a05710,0x0,0x70ea3e2c73ed,0x0,1,0x936769aad98a80e7,0x0
315,29928822017939,95621,2,3,RET,test_target_c,,0x1406,0x0,0x0,0x11,0x0,0x1,0x0,0x70ea33bfe838,0x70ea33bfe880,0x70ea2c000ba0,0x70ea42a05710,0x70ea3e2c763f,0x70ea3e2c73ed,0x70ea3e2c763f,1,0x609a77e12ce9ba9a,0x0
316,29928822021780,95621,2,3,RET,test07_indirect_jump,,0x1655,0x0,0x0,0x0,0x0,0x1,0x0,0x70ea33bfe888,0x70ea33bfe890,0x70ea2c000ba0,0x70ea42a05710,0x70ea3e2c7a52,0x70ea3e2c73ed,0x70ea3e2c7a52,1,0x16dbbbb6c37b5f92,0x0
317,29928822032286,95621,2,4,INDIRECT_CALL,test08_indirect_call_with_retval,,0x1688,0x0,0x0,0x5,0x0,0x70ea3e2c7421,0x0,0x70ea33bfe860,0x70ea33bfe880,0x70ea2c000ba0,0x5,0x0,0x70ea3e2c7421,0x0,0,0x77bbdbed837c813e,0x0
318,29928822039761,95621,2,3,RET,test_target_ret_int,,0x1432,0x0,0x0,0xa,0x0,0x70ea3e2c7421,0x0,0x70ea33bfe858,0x70ea33bfe880,0x70ea2c000ba0,0x5,0x70ea3e2c768a,0x70ea3e2c7421,0x70ea3e2c768a,1,0xa015514d9f5861f0,0x0
319,29928822044280,95621,2,3,RET,test08_indirect_call_with_retval,,0x16a8,0x0,0x0,0x11,0x0,0x0,0x0,0x70ea33bfe888,0x70ea33bfe890,0x70ea2c000ba0,0x70ea33bfe660,0x70ea3e2c7a5c,0x70ea3e2c7421,0x70ea3e2c7a5c,1,0x3f57f3d37618d330,0x0
320,29928822058581,95621,2,4,INDIRECT_CALL,test09_indirect_call_multiarg,,0x16e2,0x0,0x0,0x70ea3e2c7433,0x0,0x1e,0x0,0x70ea33bfe870,0x70ea33bfe880,0x14,0xa,0x0,0x70ea3e2c7433,0x0,1,0x4e9197866399f911,0x0
321,29928822066769,95621,2,3,RET,test_target_arg,,0x146d,0x0,0x0,0x12,0x0,0x0,0x0,0x70ea33bfe868,0x70ea33bfe880,0x70ea2c000ba0,0x70ea33bfe650,0x70ea3e2c76e4,0x70ea3e2c7433,0x70ea3e2c76e4,1,0x216397e54698b121,0x0
322,29928822070060,95621,2,3,RET,test09_indirect_call_multiarg,,0x16e6,0x0,0x0,0x12,0x0,0x0,0x0,0x70ea33bfe888,0x70ea33bfe890,0x70ea2c000ba0,0x70ea33bfe650,0x70ea3e2c7a61,0x70ea3e2c7433,0x70ea3e2c7a61,1,0x41f0e733f581790d,0x0
323,29928822085787,95621,2,4,INDIRECT_CALL,test10_volatile_fptr,,0x1711,0x0,0x0,0x70ea3e2c73b9,0x0,0x1,0x0,0x70ea33bfe870,0x70ea33bfe880,0x70ea2c000ba0,0x70ea42a05710,0x0,0x70ea3e2c73b9,0x0,1,0x918d6e5a0926f2bb,0x0
324,29928822092831,95621,2,3,RET,test_target_a,,0x13d2,0x0,0x0,0x11,0x0,0x1,0x0,0x70ea33bfe868,0x70ea33bfe880,0x70ea2c000ba0,0x70ea42a05710,0x70ea3e2c7713,0x70ea3e2c73b9,0x70ea3e2c7713,1,0x46cd62e0fb2ccab2,0x0
325,29928822096375,95621,2,3,RET,test10_volatile_fptr,,0x1715,0x0,0x0,0x11,0x0,0x1,0x0,0x70ea33bfe888,0x70ea33bfe890,0x70ea2c000ba0,0x70ea42a05710,0x70ea3e2c7a66,0x70ea3e2c73b9,0x70ea3e2c7a66,1,0x535c4a6e8f8089ca,0x0
326,29928822107019,95621,2,4,INDIRECT_CALL,test11_conditional_indirect,,0x1760,0x0,0x0,0x70ea3e2c73b9,0x0,0x0,0x0,0x70ea33bfe860,0x70ea33bfe880,0x70ea2c000ba0,0x70ea33bfe660,0x0,0x70ea3e2c73b9,0x0,1,0x75814bce7470824a,0x0
327,29928822114054,95621,2,3,RET,test_target_a,,0x13d2,0x0,0x0,0x11,0x0,0x1,0x0,0x70ea33bfe858,0x70ea33bfe880,0x70ea2c000ba0,0x70ea42a05710,0x70ea3e2c7762,0x70ea3e2c73b9,0x70ea3e2c7762,1,0x7a64ce7b6ad67ce4,0x0
328,29928822117397,95621,2,3,RET,test11_conditional_indirect,,0x1764,0x0,0x0,0x11,0x0,0x1,0x0,0x70ea33bfe888,0x70ea33bfe890,0x70ea2c000ba0,0x70ea42a05710,0x70ea3e2c7a70,0x70ea3e2c73b9,0x70ea3e2c7a70,1,0xdd6a9cb453b8a514,0x0
329,29928822128431,95621,2,4,INDIRECT_CALL,test12_switch_style,,0x17ed,0x0,0x0,0x70ea3e2c73ed,0x0,0x0,0x0,0x70ea33bfe860,0x70ea33bfe880,0x70ea2c000ba0,0x70ea33bfe660,0x0,0x70ea3e2c73b9,0x0,0,0x7ef4e50508b237ae,0x0
330,29928822144298,95621,2,3,RET,test_target_c,,0x1406,0x0,0x0,0x11,0x0,0x1,0x0,0x70ea33bfe858,0x70ea33bfe880,0x70ea2c000ba0,0x70ea42a05710,0x70ea3e2c77ef,0x70ea3e2c73b9,0x70ea3e2c77ef,1,0x152705c53f6d3105,0x0
331,29928822148508,95621,2,3,RET,test12_switch_style,,0x17f1,0x0,0x0,0x11,0x0,0x1,0x0,0x70ea33bfe888,0x70ea33bfe890,0x70ea2c000ba0,0x70ea42a05710,0x70ea3e2c7a7a,0x70ea3e2c73b9,0x70ea3e2c7a7a,1,0x71095635754b6521,0x0
332,29928822162929,95621,2,4,INDIRECT_CALL,test13_runtime_computed_target,,0x1856,0x0,0x0,0x70ea3e2c73ed,0x0,0x1,0x0,0x70ea33bfe850,0x70ea33bfe880,0x70ea2c000ba0,0x70ea42a05710,0x0,0x3e2c77ef00000002,0x0,0,0xf5750c4577a4cf08,0x0
333,29928822170242,95621,2,3,RET,test_target_c,,0x1406,0x0,0x0,0x11,0x0,0x1,0x0,0x70ea33bfe848,0x70ea33bfe880,0x70ea2c000ba0,0x70ea42a05710,0x70ea3e2c7858,0x3e2c77ef00000002,0x70ea3e2c7858,1,0x4daec61150710ec0,0x0
334,29928822173936,95621,2,3,RET,test13_runtime_computed_target,,0x186e,0x0,0x0,0x0,0x0,0x1,0x0,0x70ea33bfe888,0x70ea33bfe890,0x70ea2c000ba0,0x70ea42a05710,0x70ea3e2c7a7f,0x3e2c77ef00000002,0x70ea3e2c7a7f,1,0xea948811db21c7c0,0x0
335,29928822195794,95621,2,3,RET,test14_ret_chain_deep,,0x1888,0x0,0x0,0x14,0x0,0x1,0x0,0x70ea33bfe868,0x70ea33bfe870,0x70ea2c000ba0,0x70ea42a05710,0x70ea3e2c78a5,0x3e2c77ef00000002,0x70ea3e2c78a5,1,0x502c5dd1a7dbc7fd,0x0
336,29928822199328,95621,2,3,RET,test14_ret_chain_mid,,0x18a7,0x0,0x0,0x14,0x0,0x1,0x0,0x70ea33bfe878,0x70ea33bfe880,0x70ea2c000ba0,0x70ea42a05710,0x70ea3e2c78c4,0x3e2c77ef00000002,0x70ea3e2c78c4,1,0x7340752d5a313cb9,0x0
337,29928822202615,95621,2,3,RET,test14_ret_chain,,0x18c6,0x0,0x0,0x14,0x0,0x1,0x0,0x70ea33bfe888,0x70ea33bfe890,0x70ea2c000ba0,0x70ea42a05710,0x70ea3e2c7a84,0x3e2c77ef00000002,0x70ea3e2c7a84,1,0xdb1ff84a578d38c5,0x0
338,29928822216676,95621,2,4,INDIRECT_CALL,test15_double_indirect,,0x18fc,0x0,0x0,0x70ea3e2c73b9,0x0,0x1,0x0,0x70ea33bfe870,0x70ea33bfe880,0x70ea2c000ba0,0x70ea42a05710,0x0,0x70ea3e2c73b9,0x0,1,0xa9b812bc13bd4556,0x0
339,29928822223851,95621,2,3,RET,test_target_a,,0x13d2,0x0,0x0,0x11,0x0,0x1,0x0,0x70ea33bfe868,0x70ea33bfe880,0x70ea2c000ba0,0x70ea42a05710,0x70ea3e2c78fe,0x70ea3e2c73b9,0x70ea3e2c78fe,1,0x978f9b16893b329c,0x0
340,29928822227436,95621,2,3,RET,test15_double_indirect,,0x1900,0x0,0x0,0x11,0x0,0x1,0x0,0x70ea33bfe888,0x70ea33bfe890,0x70ea2c000ba0,0x70ea42a05710,0x70ea3e2c7a89,0x70ea3e2c73b9,0x70ea3e2c7a89,1,0xf5ac120b3848146c,0x0
341,29928822242479,95621,2,3,RET,get_target,,0x1982,0x0,0x0,0x70ea3e2c73d3,0x1,0x0,0x0,0x70ea33bfe868,0x70ea33bfe880,0x70ea2c000ba0,0x1,0x70ea3e2c79a8,0x70ea3e2c73b9,0x70ea3e2c79a8,1,0x4db5d688b011ac7a,0x0
342,29928822249669,95621,2,4,INDIRECT_CALL,test16_returned_fptr_call,,0x19b0,0x0,0x0,0x70ea3e2c73d3,0x1,0x0,0x0,0x70ea33bfe870,0x70ea33bfe880,0x70ea2c000ba0,0x1,0x0,0x70ea3e2c73b9,0x0,0,0x2036a84eba6f9bf2,0x0
343,29928822256680,95621,2,3,RET,test_target_b,,0x13ec,0x0,0x0,0x11,0x0,0x1,0x0,0x70ea33bfe868,0x70ea33bfe880,0x70ea2c000ba0,0x70ea42a05710,0x70ea3e2c79b2,0x70ea3e2c73b9,0x70ea3e2c79b2,1,0x88c82f3e72359bbc,0x0
344,29928822260387,95621,2,3,RET,test16_returned_fptr_call,,0x19b4,0x0,0x0,0x11,0x0,0x1,0x0,0x70ea33bfe888,0x70ea33bfe890,0x70ea2c000ba0,0x70ea42a05710,0x70ea3e2c7a8e,0x70ea3e2c73b9,0x70ea3e2c7a8e,1,0xa0ed166425ae970c,0x0
345,29928822273897,95621,2,4,INDIRECT_CALL,test17_nested_struct_fptr,,0x19f5,0x0,0x0,0x70ea3e2c73d3,0x0,0x1,0x0,0x70ea33bfe850,0x70ea33bfe880,0x70ea2c000ba0,0x70ea42a05710,0x0,0x70ea3e2c73d3,0x0,1,0x253d45f12911a67f,0x0
346,29928822281434,95621,2,3,RET,test_target_b,,0x13ec,0x0,0x0,0x11,0x0,0x1,0x0,0x70ea33bfe848,0x70ea33bfe880,0x70ea2c000ba0,0x70ea42a05710,0x70ea3e2c79f7,0x70ea3e2c73d3,0x70ea3e2c79f7,1,0xda59811ee279100a,0x0
347,29928822285151,95621,2,3,RET,test17_nested_struct_fptr,,0x1a0d,0x0,0x0,0x0,0x0,0x1,0x0,0x70ea33bfe888,0x70ea33bfe890,0x70ea2c000ba0,0x70ea42a05710,0x70ea3e2c7a93,0x70ea3e2c73d3,0x70ea3e2c7a93,1,0xf2d749dc422ae042,0x0
348,29928822290329,95621,2,3,RET,test_all,,0x1aa4,0x0,0x0,0x27,0x0,0x1,0x0,0x70ea33bfe898,0x70ea33bfe8a0,0x70ea2c000ba0,0x70ea42a05710,0x70ea42a44b16,0x70ea3e2c73d3,0x70ea42a44b16,1,0xb539f0b71a1981a,0x0
349,29929830144804,95621,2,4,INDIRECT_CALL,test01_global_fptr_call,,0x148f,0x0,0x0,0x70ea3e2c73b9,0x0,0x1,0x0,0x70ea33bfe880,0x70ea33bfe880,0x70ea2c000ba0,0x70ea42a05710,0x0,0x70ea3e2c73b9,0x0,1,0xe75bf31907aac8ea,0x0
350,29929830156417,95621,2,3,RET,test_target_a,,0x13d2,0x0,0x0,0x11,0x0,0x1,0x0,0x70ea33bfe878,0x70ea33bfe880,0x70ea2c000ba0,0x70ea42a05710,0x70ea3e2c7491,0x70ea3e2c73b9,0x70ea3e2c7491,1,0xe6866d191beb4c33,0x0
351,29929830160306,95621,2,3,RET,test01_global_fptr_call,,0x1493,0x0,0x0,0x11,0x0,0x1,0x0,0x70ea33bfe888,0x70ea33bfe890,0x70ea2c000ba0,0x70ea42a05710,0x70ea3e2c7a2a,0x70ea3e2c73b9,0x70ea3e2c7a2a,1,0xddfc708876d8fbb7,0x0
352,29929830175615,95621,2,4,INDIRECT_CALL,test02_local_fptr_call,,0x14be,0x0,0x0,0x70ea3e2c73d3,0x0,0x1,0x0,0x70ea33bfe870,0x70ea33bfe880,0x70ea2c000ba0,0x70ea42a05710,0x0,0x70ea3e2c73d3,0x0,1,0x61b60e973e39ce3e,0x0
353,29929830184536,95621,2,3,RET,test_target_b,,0x13ec,0x0,0x0,0x11,0x0,0x1,0x0,0x70ea33bfe868,0x70ea33bfe880,0x70ea2c000ba0,0x70ea42a05710,0x70ea3e2c74c0,0x70ea3e2c73d3,0x70ea3e2c74c0,1,0xc2bd196e5d682926,0x0
354,29929830188014,95621,2,3,RET,test02_local_fptr_call,,0x14c2,0x0,0x0,0x11,0x0,0x1,0x0,0x70ea33bfe888,0x70ea33bfe890,0x70ea2c000ba0,0x70ea42a05710,0x70ea3e2c7a2f,0x70ea3e2c73d3,0x70ea3e2c7a2f,1,0x39572575fb47192e,0x0
355,29929830200533,95621,2,4,INDIRECT_CALL,test03_table_fptr_call,,0x150f,0x0,0x0,0x70ea3e2c73ed,0x0,0x10,0x0,0x70ea33bfe870,0x70ea33bfe880,0x70ea2c000ba0,0x70ea33bfe670,0x0,0x2,0x0,0,0xdf5e14bfa06b7a17,0x0
356,29929830208899,95621,2,3,RET,test_target_c,,0x1406,0x0,0x0,0x11,0x0,0x1,0x0,0x70ea33bfe868,0x70ea33bfe880,0x70ea2c000ba0,0x70ea42a05710,0x70ea3e2c7511,0x2,0x70ea3e2c7511,1,0x7952959851c072dc,0x0
357,29929830212385,95621,2,3,RET,test03_table_fptr_call,,0x1513,0x0,0x0,0x11,0x0,0x1,0x0,0x70ea33bfe888,0x70ea33bfe890,0x70ea2c000ba0,0x70ea42a05710,0x70ea3e2c7a39,0x2,0x70ea3e2c7a39,1,0x324f32c62417efac,0x0
358,29929830227246,95621,2,4,INDIRECT_CALL,test04_stack_fptr_call,,0x1546,0x0,0x0,0x70ea3e2c73ed,0x0,0x1,0x0,0x70ea33bfe870,0x70ea33bfe880,0x70ea2c000ba0,0x70ea42a05710,0x0,0x70ea3e2c73ed,0x0,1,0xa1db970136d73fca,0x0
359,29929830234348,95621,2,3,RET,test_target_c,,0x1406,0x0,0x0,0x11,0x0,0x1,0x0,0x70ea33bfe868,0x70ea33bfe880,0x70ea2c000ba0,0x70ea42a05710,0x70ea3e2c7548,0x70ea3e2c73ed,0x70ea3e2c7548,1,0xec5ebbe78f522a4a,0x0
360,29929830237824,95621,2,3,RET,test04_stack_fptr_call,,0x154a,0x0,0x0,0x11,0x0,0x1,0x0,0x70ea33bfe888,0x70ea33bfe890,0x70ea2c000ba0,0x70ea42a05710,0x70ea3e2c7a3e,0x70ea3e2c73ed,0x70ea3e2c7a3e,1,0xa213458c8e1a8d82,0x0
361,29929830255857,95621,2,4,INDIRECT_CALL,test05_vtable_call,,0x1587,0x0,0x0,0x70ea3e2c73b9,0x0,0x1,0x0,0x70ea33bfe860,0x70ea33bfe880,0x70ea2c000ba0,0x70ea42a05710,0x0,0x70ea3e2c73d3,0x0,0,0x35a230c5248b895,0x0
362,29929830262783,95621,2,3,RET,test_target_a,,0x13d2,0x0,0x0,0x11,0x0,0x1,0x0,0x70ea33bfe858,0x70ea33bfe880,0x70ea2c000ba0,0x70ea42a05710,0x70ea3e2c7589,0x70ea3e2c73d3,0x70ea3e2c7589,1,0x207ac86dc97272fa,0x0
363,29929830269721,95621,2,4,INDIRECT_CALL,test05_vtable_call,,0x158d,0x0,0x0,0x70ea3e2c73d3,0x0,0x1,0x0,0x70ea33bfe860,0x70ea33bfe880,0x70ea2c000ba0,0x70ea42a05710,0x0,0x70ea3e2c73d3,0x0,1,0x2268a7d60c1f2072,0x0
364,29929830276717,95621,2,3,RET,test_target_b,,0x13ec,0x0,0x0,0x11,0x0,0x1,0x0,0x70ea33bfe858,0x70ea33bfe880,0x70ea2c000ba0,0x70ea42a05710,0x70ea3e2c758f,0x70ea3e2c73d3,0x70ea3e2c758f,1,0xb253f524af500219,0x0
365,29929830280067,95621,2,3,RET,test05_vtable_call,,0x1591,0x0,0x0,0x11,0x0,0x1,0x0,0x70ea33bfe888,0x70ea33bfe890,0x70ea2c000ba0,0x70ea42a05710,0x70ea3e2c7a43,0x70ea3e2c73d3,0x70ea3e2c7a43,1,0x6d537672fe0a82a5,0x0
366,29929830292811,95621,2,4,INDIRECT_CALL,call_via_fp,,0x15a6,0x0,0x0,0x70ea3e2c7407,0x0,0x1,0x0,0x70ea33bfe860,0x70ea33bfe870,0x70ea2c000ba0,0x70ea3e2c7407,0x0,0x70ea3e2c7407,0x0,1,0x2e137f24a1170122,0x0
367,29929830301423,95621,2,3,RET,test_target_d,,0x1420,0x0,0x0,0x11,0x0,0x1,0x0,0x70ea33bfe858,0x70ea33bfe870,0x70ea2c000ba0,0x70ea42a05710,0x70ea3e2c75a8,0x70ea3e2c7407,0x70ea3e2c75a8,1,0x3245bac21b704d22,0x0
368,29929830304773,95621,2,3,RET,call_via_fp,,0x15aa,0x0,0x0,0x11,0x0,0x1,0x0,0x70ea33bfe878,0x70ea33bfe880,0x70ea2c000ba0,0x70ea42a05710,0x70ea3e2c75d1,0x70ea3e2c7407,0x70ea3e2c75d1,1,0x61b06573309d337a,0x0
369,29929830308062,95621,2,3,RET,test06_callback_arg,,0x15d3,0x0,0x0,0x11,0x0,0x1,0x0,0x70ea33bfe888,0x70ea33bfe890,0x70ea2c000ba0,0x70ea42a05710,0x70ea3e2c7a48,0x70ea3e2c7407,0x70ea3e2c7a48,1,0xd73ce8362fa16f2,0x0
370,29929830321776,95621,2,4,INDIRECT_CALL,test07_indirect_jump,,0x162c,0x0,0x0,0x70ea3e2c73b9,0x0,0x1,0x0,0x70ea33bfe840,0x70ea33bfe880,0x70ea2c000ba0,0x70ea42a05710,0x0,0x70ea3e2c7407,0x0,0,0xb29db8f3f3857794,0x0
371,29929830328846,95621,2,3,RET,test_target_a,,0x13d2,0x0,0x0,0x11,0x0,0x1,0x0,0x70ea33bfe838,0x70ea33bfe880,0x70ea2c000ba0,0x70ea42a05710,0x70ea3e2c762e,0x70ea3e2c7407,0x70ea3e2c762e,1,0x190550a86abb7832,0x0
372,29929830340114,95621,2,4,INDIRECT_CALL,test07_indirect_jump,,0x163d,0x0,0x0,0x70ea3e2c73ed,0x0,0x1,0x0,0x70ea33bfe840,0x70ea33bfe880,0x70ea2c000ba0,0x70ea42a05710,0x0,0x70ea3e2c73ed,0x0,1,0x6b32cebe391d694a,0x0
373,29929830346838,95621,2,3,RET,test_target_c,,0x1406,0x0,0x0,0x11,0x0,0x1,0x0,0x70ea33bfe838,0x70ea33bfe880,0x70ea2c000ba0,0x70ea42a05710,0x70ea3e2c763f,0x70ea3e2c73ed,0x70ea3e2c763f,1,0x5340a0e080d6d6c1,0x0
374,29929830350889,95621,2,3,RET,test07_indirect_jump,,0x1655,0x0,0x0,0x0,0x0,0x1,0x0,0x70ea33bfe888,0x70ea33bfe890,0x70ea2c000ba0,0x70ea42a05710,0x70ea3e2c7a52,0x70ea3e2c73ed,0x70ea3e2c7a52,1,0x91e319896b2e3e2d,0x0
375,29929830361206,95621,2,4,INDIRECT_CALL,test08_indirect_call_with_retval,,0x1688,0x0,0x0,0x5,0x0,0x70ea3e2c7421,0x0,0x70ea33bfe860,0x70ea33bfe880,0x70ea2c000ba0,0x5,0x0,0x70ea3e2c7421,0x0,0,0x390dbee839d90cd1,0x0
376,29929830368670,95621,2,3,RET,test_target_ret_int,,0x1432,0x0,0x0,0xa,0x0,0x70ea3e2c7421,0x0,0x70ea33bfe858,0x70ea33bfe880,0x70ea2c000ba0,0x5,0x70ea3e2c768a,0x70ea3e2c7421,0x70ea3e2c768a,1,0x1951e4a1bdf89987,0x0
377,29929830373097,95621,2,3,RET,test08_indirect_call_with_retval,,0x16a8,0x0,0x0,0x11,0x0,0x0,0x0,0x70ea33bfe888,0x70ea33bfe890,0x70ea2c000ba0,0x70ea33bfe660,0x70ea3e2c7a5c,0x70ea3e2c7421,0x70ea3e2c7a5c,1,0xa1dcae01a70a807b,0x0
378,29929830387695,95621,2,4,INDIRECT_CALL,test09_indirect_call_multiarg,,0x16e2,0x0,0x0,0x70ea3e2c7433,0x0,0x1e,0x0,0x70ea33bfe870,0x70ea33bfe880,0x14,0xa,0x0,0x70ea3e2c7433,0x0,1,0xdd913bfc586f2ad4,0x0
379,29929830395728,95621,2,3,RET,test_target_arg,,0x146d,0x0,0x0,0x12,0x0,0x0,0x0,0x70ea33bfe868,0x70ea33bfe880,0x70ea2c000ba0,0x70ea33bfe650,0x70ea3e2c76e4,0x70ea3e2c7433,0x70ea3e2c76e4,1,0xebe0d3e7a5a4b28,0x0
380,29929830399127,95621,2,3,RET,test09_indirect_call_multiarg,,0x16e6,0x0,0x0,0x12,0x0,0x0,0x0,0x70ea33bfe888,0x70ea33bfe890,0x70ea2c000ba0,0x70ea33bfe650,0x70ea3e2c7a61,0x70ea3e2c7433,0x70ea3e2c7a61,1,0x4a583bcce4483008,0x0
381,29929830414330,95621,2,4,INDIRECT_CALL,test10_volatile_fptr,,0x1711,0x0,0x0,0x70ea3e2c73b9,0x0,0x1,0x0,0x70ea33bfe870,0x70ea33bfe880,0x70ea2c000ba0,0x70ea42a05710,0x0,0x70ea3e2c73b9,0x0,1,0xec085df18390fdae,0x0
382,29929830421300,95621,2,3,RET,test_target_a,,0x13d2,0x0,0x0,0x11,0x0,0x1,0x0,0x70ea33bfe868,0x70ea33bfe880,0x70ea2c000ba0,0x70ea42a05710,0x70ea3e2c7713,0x70ea3e2c73b9,0x70ea3e2c7713,1,0x7632878949b7e29,0x0
383,29929830424754,95621,2,3,RET,test10_volatile_fptr,,0x1715,0x0,0x0,0x11,0x0,0x1,0x0,0x70ea33bfe888,0x70ea33bfe890,0x70ea2c000ba0,0x70ea42a05710,0x70ea3e2c7a66,0x70ea3e2c73b9,0x70ea3e2c7a66,1,0x468b63eaa35b3575,0x0
384,29929830435281,95621,2,4,INDIRECT_CALL,test11_conditional_indirect,,0x1760,0x0,0x0,0x70ea3e2c73b9,0x0,0x0,0x0,0x70ea33bfe860,0x70ea33bfe880,0x70ea2c000ba0,0x70ea33bfe660,0x0,0x70ea3e2c73b9,0x0,1,0x11a733ec5c9bc96d,0x0
385,29929830442512,95621,2,3,RET,test_target_a,,0x13d2,0x0,0x0,0x11,0x0,0x1,0x0,0x70ea33bfe858,0x70ea33bfe880,0x70ea2c000ba0,0x70ea42a05710,0x70ea3e2c7762,0x70ea3e2c73b9,0x70ea3e2c7762,1,0xa2564e7d5d0270cb,0x0
386,29929830445991,95621,2,3,RET,test11_conditional_indirect,,0x1764,0x0,0x0,0x11,0x0,0x1,0x0,0x70ea33bfe888,0x70ea33bfe890,0x70ea2c000ba0,0x70ea42a05710,0x70ea3e2c7a70,0x70ea3e2c73b9,0x70ea3e2c7a70,1,0xf43d2c3e2069e06f,0x0
387,29929830456357,95621,2,4,INDIRECT_CALL,test12_switch_style,,0x17ed,0x0,0x0,0x70ea3e2c73ed,0x0,0x0,0x0,0x70ea33bfe860,0x70ea33bfe880,0x70ea2c000ba0,0x70ea33bfe660,0x0,0x70ea3e2c73b9,0x0,0,0xa822d79f20ae4e01,0x0
388,29929830463416,95621,2,3,RET,test_target_c,,0x1406,0x0,0x0,0x11,0x0,0x1,0x0,0x70ea33bfe858,0x70ea33bfe880,0x70ea2c000ba0,0x70ea42a05710,0x70ea3e2c77ef,0x70ea3e2c73b9,0x70ea3e2c77ef,1,0x60e7d3549bc1fc5c,0x0
389,29929830466675,95621,2,3,RET,test12_switch_style,,0x17f1,0x0,0x0,0x11,0x0,0x1,0x0,0x70ea33bfe888,0x70ea33bfe890,0x70ea2c000ba0,0x70ea42a05710,0x70ea3e2c7a7a,0x70ea3e2c73b9,0x70ea3e2c7a7a,1,0xd4157b97f7a47b2c,0x0
390,29929830480486,95621,2,4,INDIRECT_CALL,test13_runtime_computed_target,,0x1856,0x0,0x0,0x70ea3e2c73ed,0x0,0x1,0x0,0x70ea33bfe850,0x70ea33bfe880,0x70ea2c000ba0,0x70ea42a05710,0x0,0x3e2c77ef00000002,0x0,0,0x838896face67778b,0x0
391,29929830487364,95621,2,3,RET,test_target_c,,0x1406,0x0,0x0,0x11,0x0,0x1,0x0,0x70ea33bfe848,0x70ea33bfe880,0x70ea2c000ba0,0x70ea42a05710,0x70ea3e2c7858,0x3e2c77ef00000002,0x70ea3e2c7858,1,0x138c9d0e28fcb887,0x0
392,29929830490948,95621,2,3,RET,test13_runtime_computed_target,,0x186e,0x0,0x0,0x0,0x0,0x1,0x0,0x70ea33bfe888,0x70ea33bfe890,0x70ea2c000ba0,0x70ea42a05710,0x70ea3e2c7a7f,0x3e2c77ef00000002,0x70ea3e2c7a7f,1,0x3c150dd5733db37b,0x0
393,29929830503145,95621,2,3,RET,test14_ret_chain_deep,,0x1888,0x0,0x0,0x14,0x0,0x1,0x0,0x70ea33bfe868,0x70ea33bfe870,0x70ea2c000ba0,0x70ea42a05710,0x70ea3e2c78a5,0x3e2c77ef00000002,0x70ea3e2c78a5,1,0x7d4bceadfc0a3468,0x0
394,29929830506498,95621,2,3,RET,test14_ret_chain_mid,,0x18a7,0x0,0x0,0x14,0x0,0x1,0x0,0x70ea33bfe878,0x70ea33bfe880,0x70ea2c000ba0,0x70ea42a05710,0x70ea3e2c78c4,0x3e2c77ef00000002,0x70ea3e2c78c4,1,0x79cf8a125cc00048,0x0
395,29929830509751,95621,2,3,RET,test14_ret_chain,,0x18c6,0x0,0x0,0x14,0x0,0x1,0x0,0x70ea33bfe888,0x70ea33bfe890,0x70ea2c000ba0,0x70ea42a05710,0x70ea3e2c7a84,0x3e2c77ef00000002,0x70ea3e2c7a84,1,0x8d2fdea67d860ea8,0x0
396,29929830523450,95621,2,4,INDIRECT_CALL,test15_double_indirect,,0x18fc,0x0,0x0,0x70ea3e2c73b9,0x0,0x1,0x0,0x70ea33bfe870,0x70ea33bfe880,0x70ea2c000ba0,0x70ea42a05710,0x0,0x70ea3e2c73b9,0x0,1,0xad0c713cb71d8d71,0x0
397,29929830530295,95621,2,3,RET,test_target_a,,0x13d2,0x0,0x0,0x11,0x0,0x1,0x0,0x70ea33bfe868,0x70ea33bfe880,0x70ea2c000ba0,0x70ea42a05710,0x70ea3e2c78fe,0x70ea3e2c73b9,0x70ea3e2c78fe,1,0x7840d86a0f14201b,0x0
398,29929830533641,95621,2,3,RET,test15_double_indirect,,0x1900,0x0,0x0,0x11,0x0,0x1,0x0,0x70ea33bfe888,0x70ea33bfe890,0x70ea2c000ba0,0x70ea42a05710,0x70ea3e2c7a89,0x70ea3e2c73b9,0x70ea3e2c7a89,1,0x45683b783d3be57f,0x0
399,29929830548165,95621,2,3,RET,get_target,,0x1982,0x0,0x0,0x70ea3e2c73d3,0x1,0x0,0x0,0x70ea33bfe868,0x70ea33bfe880,0x70ea2c000ba0,0x1,0x70ea3e2c79a8,0x70ea3e2c73b9,0x70ea3e2c79a8,1,0xacb8362ed44572e9,0x0
400,29929830554684,95621,2,4,INDIRECT_CALL,test16_returned_fptr_call,,0x19b0,0x0,0x0,0x70ea3e2c73d3,0x1,0x0,0x0,0x70ea33bfe870,0x70ea33bfe880,0x70ea2c000ba0,0x1,0x0,0x70ea3e2c73b9,0x0,0,0x770f268193caeb35,0x0
401,29929830561562,95621,2,3,RET,test_target_b,,0x13ec,0x0,0x0,0x11,0x0,0x1,0x0,0x70ea33bfe868,0x70ea33bfe880,0x70ea2c000ba0,0x70ea42a05710,0x70ea3e2c79b2,0x70ea3e2c73b9,0x70ea3e2c79b2,1,0xfdedb4de210ec543,0x0
402,29929830564949,95621,2,3,RET,test16_returned_fptr_call,,0x19b4,0x0,0x0,0x11,0x0,0x1,0x0,0x70ea33bfe888,0x70ea33bfe890,0x70ea2c000ba0,0x70ea42a05710,0x70ea3e2c7a8e,0x70ea3e2c73b9,0x70ea3e2c7a8e,1,0xd584022928366787,0x0
403,29929830577551,95621,2,4,INDIRECT_CALL,test17_nested_struct_fptr,,0x19f5,0x0,0x0,0x70ea3e2c73d3,0x0,0x1,0x0,0x70ea33bfe850,0x70ea33bfe880,0x70ea2c000ba0,0x70ea42a05710,0x0,0x70ea3e2c73d3,0x0,1,0xf33138040a0626f2,0x0
404,29929830584292,95621,2,3,RET,test_target_b,,0x13ec,0x0,0x0,0x11,0x0,0x1,0x0,0x70ea33bfe848,0x70ea33bfe880,0x70ea2c000ba0,0x70ea42a05710,0x70ea3e2c79f7,0x70ea3e2c73d3,0x70ea3e2c79f7,1,0xe4b1656bb5a8cb01,0x0
405,29929830588044,95621,2,3,RET,test17_nested_struct_fptr,,0x1a0d,0x0,0x0,0x0,0x0,0x1,0x0,0x70ea33bfe888,0x70ea33bfe890,0x70ea2c000ba0,0x70ea42a05710,0x70ea3e2c7a93,0x70ea3e2c73d3,0x70ea3e2c7a93,1,0x36dd5c4e0a7ebd6d,0x0
406,29929830592880,95621,2,3,RET,test_all,,0x1aa4,0x0,0x0,0x27,0x0,0x1,0x0,0x70ea33bfe898,0x70ea33bfe8a0,0x70ea2c000ba0,0x70ea42a05710,0x70ea42a44b16,0x70ea3e2c73d3,0x70ea42a44b16,1,0x366608c44fbdd69,0x0
407,29930838723666,95621,2,4,INDIRECT_CALL,test01_global_fptr_call,,0x148f,0x0,0x0,0x70ea3e2c73b9,0x0,0x1,0x0,0x70ea33bfe880,0x70ea33bfe880,0x70ea2c000ba0,0x70ea42a05710,0x0,0x70ea3e2c73b9,0x0,1,0x49c73b5818f6cdc5,0x0
408,29930838745115,95621,2,3,RET,test_target_a,,0x13d2,0x0,0x0,0x11,0x0,0x1,0x0,0x70ea33bfe878,0x70ea33bfe880,0x70ea2c000ba0,0x70ea42a05710,0x70ea3e2c7491,0x70ea3e2c73b9,0x70ea3e2c7491,1,0x6263153fff261772,0x0
409,29930838750085,95621,2,3,RET,test01_global_fptr_call,,0x1493,0x0,0x0,0x11,0x0,0x1,0x0,0x70ea33bfe888,0x70ea33bfe890,0x70ea2c000ba0,0x70ea42a05710,0x70ea3e2c7a2a,0x70ea3e2c73b9,0x70ea3e2c7a2a,1,0xc3f18f675288b78a,0x0
410,29930838774869,95621,2,4,INDIRECT_CALL,test02_local_fptr_call,,0x14be,0x0,0x0,0x70ea3e2c73d3,0x0,0x1,0x0,0x70ea33bfe870,0x70ea33bfe880,0x70ea2c000ba0,0x70ea42a05710,0x0,0x70ea3e2c73d3,0x0,1,0x7b469d01d1d0c5c9,0x0
411,29930838792568,95621,2,3,RET,test_target_b,,0x13ec,0x0,0x0,0x11,0x0,0x1,0x0,0x70ea33bfe868,0x70ea33bfe880,0x70ea2c000ba0,0x70ea42a05710,0x70ea3e2c74c0,0x70ea3e2c73d3,0x70ea3e2c74c0,1,0xe695b164f49de955,0x0
412,29930838796368,95621,2,3,RET,test02_local_fptr_call,,0x14c2,0x0,0x0,0x11,0x0,0x1,0x0,0x70ea33bfe888,0x70ea33bfe890,0x70ea2c000ba0,0x70ea42a05710,0x70ea3e2c7a2f,0x70ea3e2c73d3,0x70ea3e2c7a2f,1,0x9ffa94e551123f31,0x0
413,29930838809322,95621,2,4,INDIRECT_CALL,test03_table_fptr_call,,0x150f,0x0,0x0,0x70ea3e2c73ed,0x0,0x10,0x0,0x70ea33bfe870,0x70ea33bfe880,0x70ea2c000ba0,0x70ea33bfe670,0x0,0x2,0x0,0,0x26e988b25981df52,0x0
414,29930838818039,95621,2,3,RET,test_target_c,,0x1406,0x0,0x0,0x11,0x0,0x1,0x0,0x70ea33bfe868,0x70ea33bfe880,0x70ea2c000ba0,0x70ea42a05710,0x70ea3e2c7511,0x2,0x70ea3e2c7511,1,0xbbc0bf5c39c386fb,0x0
415,29930838821567,95621,2,3,RET,test03_table_fptr_call,,0x1513,0x0,0x0,0x11,0x0,0x1,0x0,0x70ea33bfe888,0x70ea33bfe890,0x70ea2c000ba0,0x70ea42a05710,0x70ea3e2c7a39,0x2,0x70ea3e2c7a39,1,0x175ee65e4c82f2df,0x0
416,29930838838117,95621,2,4,INDIRECT_CALL,test04_stack_fptr_call,,0x1546,0x0,0x0,0x70ea3e2c73ed,0x0,0x1,0x0,0x70ea33bfe870,0x70ea33bfe880,0x70ea2c000ba0,0x70ea42a05710,0x0,0x70ea3e2c73ed,0x0,1,0xeada322ed6ee3db5,0x0
417,29930838852649,95621,2,3,RET,test_target_c,,0x1406,0x0,0x0,0x11,0x0,0x1,0x0,0x70ea33bfe868,0x70ea33bfe880,0x70ea2c000ba0,0x70ea42a05710,0x70ea3e2c7548,0x70ea3e2c73ed,0x70ea3e2c7548,1,0x2efe5d5cc93be159,0x0
418,29930838856363,95621,2,3,RET,test04_stack_fptr_call,,0x154a,0x0,0x0,0x11,0x0,0x1,0x0,0x70ea33bfe888,0x70ea33bfe890,0x70ea2c000ba0,0x70ea42a05710,0x70ea3e2c7a3e,0x70ea3e2c73ed,0x70ea3e2c7a3e,1,0x479bde59d0fe10e5,0x0
419,29930838875310,95621,2,4,INDIRECT_CALL,test05_vtable_call,,0x1587,0x0,0x0,0x70ea3e2c73b9,0x0,0x1,0x0,0x70ea33bfe860,0x70ea33bfe880,0x70ea2c000ba0,0x70ea42a05710,0x0,0x70ea3e2c73d3,0x0,0,0x3fe14953c9492a30,0x0
420,29930838882790,95621,2,3,RET,test_target_a,,0x13d2,0x0,0x0,0x11,0x0,0x1,0x0,0x70ea33bfe858,0x70ea33bfe880,0x70ea2c000ba0,0x70ea42a05710,0x70ea3e2c7589,0x70ea3e2c73d3,0x70ea3e2c7589,1,0xd42d024dd0220bf9,0x0
421,29930838890273,95621,2,4,INDIRECT_CALL,test05_vtable_call,,0x158d,0x0,0x0,0x70ea3e2c73d3,0x0,0x1,0x0,0x70ea33bfe860,0x70ea33bfe880,0x70ea2c000ba0,0x70ea42a05710,0x0,0x70ea3e2c73d3,0x0,1,0x97e54feb79baf705,0x0
422,29930838897257,95621,2,3,RET,test_target_b,,0x13ec,0x0,0x0,0x11,0x0,0x1,0x0,0x70ea33bfe858,0x70ea33bfe880,0x70ea2c000ba0,0x70ea42a05710,0x70ea3e2c758f,0x70ea3e2c73d3,0x70ea3e2c758f,1,0x250565ad1ebd28b0,0x0
423,29930838900676,95621,2,3,RET,test05_vtable_call,,0x1591,0x0,0x0,0x11,0x0,0x1,0x0,0x70ea33bfe888,0x70ea33bfe890,0x70ea2c000ba0,0x70ea42a05710,0x70ea3e2c7a43,0x70ea3e2c73d3,0x70ea3e2c7a43,1,0xfad7b5e10ff2f0,0x0
424,29930838913314,95621,2,4,INDIRECT_CALL,call_via_fp,,0x15a6,0x0,0x0,0x70ea3e2c7407,0x0,0x1,0x0,0x70ea33bfe860,0x70ea33bfe870,0x70ea2c000ba0,0x70ea3e2c7407,0x0,0x70ea3e2c7407,0x0,1,0xed09f60c77057a29,0x0
425,29930838922154,95621,2,3,RET,test_target_d,,0x1420,0x0,0x0,0x11,0x0,0x1,0x0,0x70ea33bfe858,0x70ea33bfe870,0x70ea2c000ba0,0x70ea42a05710,0x70ea3e2c75a8,0x70ea3e2c7407,0x70ea3e2c75a8,1,0x6e1201d33d43f71d,0x0
426,29930838925521,95621,2,3,RET,call_via_fp,,0x15aa,0x0,0x0,0x11,0x0,0x1,0x0,0x70ea33bfe878,0x70ea33bfe880,0x70ea2c000ba0,0x70ea42a05710,0x70ea3e2c75d1,0x70ea3e2c7407,0x70ea3e2c75d1,1,0x6628c7eb48a90d59,0x0
427,29930838928943,95621,2,3,RET,test06_callback_arg,,0x15d3,0x0,0x0,0x11,0x0,0x1,0x0,0x70ea33bfe888,0x70ea33bfe890,0x70ea2c000ba0,0x70ea42a05710,0x70ea3e2c7a48,0x70ea3e2c7407,0x70ea3e2c7a48,1,0x49b3ee755de1cce5,0x0
428,29930838942764,95621,2,4,INDIRECT_CALL,test07_indirect_jump,,0x162c,0x0,0x0,0x70ea3e2c73b9,0x0,0x1,0x0,0x70ea33bfe840,0x70ea33bfe880,0x70ea2c000ba0,0x70ea42a05710,0x0,0x70ea3e2c7407,0x0,0,0xb2d273f689c9463f,0x0
429,29930838950328,95621,2,3,RET,test_target_a,,0x13d2,0x0,0x0,0x11,0x0,0x1,0x0,0x70ea33bfe838,0x70ea33bfe880,0x70ea2c000ba0,0x70ea42a05710,0x70ea3e2c762e,0x70ea3e2c7407,0x70ea3e2c762e,1,0x8c9b2a7651d49101,0x0
430,29930838961696,95621,2,4,INDIRECT_CALL,test07_indirect_jump,,0x163d,0x0,0x0,0x70ea3e2c73ed,0x0,0x1,0x0,0x70ea33bfe840,0x70ea33bfe880,0x70ea2c000ba0,0x70ea42a05710,0x0,0x70ea3e2c73ed,0x0,1,0x74b648903760b6d,0x0
431,29930838968961,95621,2,3,RET,test_target_c,,0x1406,0x0,0x0,0x11,0x0,0x1,0x0,0x70ea33bfe838,0x70ea33bfe880,0x70ea2c000ba0,0x70ea42a05710,0x70ea3e2c763f,0x70ea3e2c73ed,0x70ea3e2c763f,1,0x9f953397f40c89a8,0x0
432,29930838972831,95621,2,3,RET,test07_indirect_jump,,0x1655,0x0,0x0,0x0,0x0,0x1,0x0,0x70ea33bfe888,0x70ea33bfe890,0x70ea2c000ba0,0x70ea42a05710,0x70ea3e2c7a52,0x70ea3e2c73ed,0x70ea3e2c7a52,1,0xe4bd34b4db37cc88,0x0
433,29930838983039,95621,2,4,INDIRECT_CALL,test08_indirect_call_with_retval,,0x1688,0x0,0x0,0x5,0x0,0x70ea3e2c7421,0x0,0x70ea33bfe860,0x70ea33bfe880,0x70ea2c000ba0,0x5,0x0,0x70ea3e2c7421,0x0,0,0xff00cfdbf8fd2e24,0x0
434,29930838990624,95621,2,3,RET,test_target_ret_int,,0x1432,0x0,0x0,0xa,0x0,0x70ea3e2c7421,0x0,0x70ea33bfe858,0x70ea33bfe880,0x70ea2c000ba0,0x5,0x70ea3e2c768a,0x70ea3e2c7421,0x70ea3e2c768a,1,0x7108630efbb413de,0x0
435,29930838995153,95621,2,3,RET,test08_indirect_call_with_retval,,0x16a8,0x0,0x0,0x11,0x0,0x0,0x0,0x70ea33bfe888,0x70ea33bfe890,0x70ea2c000ba0,0x70ea33bfe660,0x70ea3e2c7a5c,0x70ea3e2c7421,0x70ea3e2c7a5c,1,0x1a402464c56e1986,0x0
436,29930839009740,95621,2,4,INDIRECT_CALL,test09_indirect_call_multiarg,,0x16e2,0x0,0x0,0x70ea3e2c7433,0x0,0x1e,0x0,0x70ea33bfe870,0x70ea33bfe880,0x14,0xa,0x0,0x70ea3e2c7433,0x0,1,0x8bd263bce84f8e57,0x0
437,29930839026214,95621,2,3,RET,test_target_arg,,0x146d,0x0,0x0,0x12,0x0,0x0,0x0,0x70ea33bfe868,0x70ea33bfe880,0x70ea2c000ba0,0x70ea33bfe650,0x70ea3e2c76e4,0x70ea3e2c7433,0x70ea3e2c76e4,1,0xbe0fe6e3558893ef,0x0
438,29930839030422,95621,2,3,RET,test09_indirect_call_multiarg,,0x16e6,0x0,0x0,0x12,0x0,0x0,0x0,0x70ea33bfe888,0x70ea33bfe890,0x70ea2c000ba0,0x70ea33bfe650,0x70ea3e2c7a61,0x70ea3e2c7433,0x70ea3e2c7a61,1,0x11aa680d2213cec3,0x0
439,29930839054218,95621,2,4,INDIRECT_CALL,test10_volatile_fptr,,0x1711,0x0,0x0,0x70ea3e2c73b9,0x0,0x1,0x0,0x70ea33bfe870,0x70ea33bfe880,0x70ea2c000ba0,0x70ea42a05710,0x0,0x70ea3e2c73b9,0x0,1,0x5eac436b81e79661,0x0
440,29930839061527,95621,2,3,RET,test_target_a,,0x13d2,0x0,0x0,0x11,0x0,0x1,0x0,0x70ea33bfe868,0x70ea33bfe880,0x70ea2c000ba0,0x70ea42a05710,0x70ea3e2c7713,0x70ea3e2c73b9,0x70ea3e2c7713,1,0x3d05bca7cf730c60,0x0
441,29930839065357,95621,2,3,RET,test10_volatile_fptr,,0x1715,0x0,0x0,0x11,0x0,0x1,0x0,0x70ea33bfe888,0x70ea33bfe890,0x70ea2c000ba0,0x70ea42a05710,0x70ea3e2c7a66,0x70ea3e2c73b9,0x70ea3e2c7a66,1,0x40631dc8540184e0,0x0
442,29930839076922,95621,2,4,INDIRECT_CALL,test11_conditional_indirect,,0x1760,0x0,0x0,0x70ea3e2c73b9,0x0,0x0,0x0,0x70ea33bfe860,0x70ea33bfe880,0x70ea2c000ba0,0x70ea33bfe660,0x0,0x70ea3e2c73b9,0x0,1,0x47e18b5b344eba50,0x0
443,29930839084060,95621,2,3,RET,test_target_a,,0x13d2,0x0,0x0,0x11,0x0,0x1,0x0,0x70ea33bfe858,0x70ea33bfe880,0x70ea2c000ba0,0x70ea42a05710,0x70ea3e2c7762,0x70ea3e2c73b9,0x70ea3e2c7762,1,0x445091f7ac2a2b72,0x0
444,29930839087357,95621,2,3,RET,test11_conditional_indirect,,0x1764,0x0,0x0,0x11,0x0,0x1,0x0,0x70ea33bfe888,0x70ea33bfe890,0x70ea2c000ba0,0x70ea42a05710,0x70ea3e2c7a70,0x70ea3e2c73b9,0x70ea3e2c7a70,1,0x6b0d7a8eb35d3b8a,0x0
445,29930839097868,95621,2,4,INDIRECT_CALL,test12_switch_style,,0x17ed,0x0,0x0,0x70ea3e2c73ed,0x0,0x0,0x0,0x70ea33bfe860,0x70ea33bfe880,0x70ea2c000ba0,0x70ea33bfe660,0x0,0x70ea3e2c73b9,0x0,0,0x5829d2ebe862ea14,0x0
446,29930839105049,95621,2,3,RET,test_target_c,,0x1406,0x0,0x0,0x11,0x0,0x1,0x0,0x70ea33bfe858,0x70ea33bfe880,0x70ea2c000ba0,0x70ea42a05710,0x70ea3e2c77ef,0x70ea3e2c73b9,0x70ea3e2c77ef,1,0x5089893034e83a73,0x0
447,29930839108560,95621,2,3,RET,test12_switch_style,,0x17f1,0x0,0x0,0x11,0x0,0x1,0x0,0x70ea33bfe888,0x70ea33bfe890,0x70ea2c000ba0,0x70ea42a05710,0x70ea3e2c7a7a,0x70ea3e2c73b9,0x70ea3e2c7a7a,1,0x8b13fc19b0a1ecf7,0x0
448,29930839131781,95621,2,4,INDIRECT_CALL,test13_runtime_computed_target,,0x1856,0x0,0x0,0x70ea3e2c73ed,0x0,0x1,0x0,0x70ea33bfe850,0x70ea33bfe880,0x70ea2c000ba0,0x70ea42a05710,0x0,0x3e2c77ef00000002,0x0,0,0x61fe4de5fd4541ce,0x0
449,29930839140073,95621,2,3,RET,test_target_c,,0x1406,0x0,0x0,0x11,0x0,0x1,0x0,0x70ea33bfe848,0x70ea33bfe880,0x70ea2c000ba0,0x70ea42a05710,0x70ea3e2c7858,0x3e2c77ef00000002,0x70ea3e2c7858,1,0xda33b75e23de410e,0x0
450,29930839143553,95621,2,3,RET,test13_runtime_computed_target,,0x186e,0x0,0x0,0x0,0x0,0x1,0x0,0x70ea33bfe888,0x70ea33bfe890,0x70ea2c000ba0,0x70ea42a05710,0x70ea3e2c7a7f,0x3e2c77ef00000002,0x70ea3e2c7a7f,1,0x63ceee6ddc47f6f6,0x0
451,29930839172936,95621,2,3,RET,test14_ret_chain_deep,,0x1888,0x0,0x0,0x14,0x0,0x1,0x0,0x70ea33bfe868,0x70ea33bfe870,0x70ea2c000ba0,0x70ea42a05710,0x70ea3e2c78a5,0x3e2c77ef00000002,0x70ea3e2c78a5,1,0x9eb85afcfc14b493,0x0
452,29930839176455,95621,2,3,RET,test14_ret_chain_mid,,0x18a7,0x0,0x0,0x14,0x0,0x1,0x0,0x70ea33bfe878,0x70ea33bfe880,0x70ea2c000ba0,0x70ea42a05710,0x70ea3e2c78c4,0x3e2c77ef00000002,0x70ea3e2c78c4,1,0x5be40c62a087ac97,0x0
453,29930839179836,95621,2,3,RET,test14_ret_chain,,0x18c6,0x0,0x0,0x14,0x0,0x1,0x0,0x70ea33bfe888,0x70ea33bfe890,0x70ea2c000ba0,0x70ea42a05710,0x70ea3e2c7a84,0x3e2c77ef00000002,0x70ea3e2c7a84,1,0x3ae9eea984247e4b,0x0
454,29930839194002,95621,2,4,INDIRECT_CALL,test15_double_indirect,,0x18fc,0x0,0x0,0x70ea3e2c73b9,0x0,0x1,0x0,0x70ea33bfe870,0x70ea33bfe880,0x70ea2c000ba0,0x70ea42a05710,0x0,0x70ea3e2c73b9,0x0,1,0x5243f3a1e867654c,0x0
455,29930839201006,95621,2,3,RET,test_target_a,,0x13d2,0x0,0x0,0x11,0x0,0x1,0x0,0x70ea33bfe868,0x70ea33bfe880,0x70ea2c000ba0,0x70ea42a05710,0x70ea3e2c78fe,0x70ea3e2c73b9,0x70ea3e2c78fe,1,0x4666117019abc25a,0x0
456,29930839204667,95621,2,3,RET,test15_double_indirect,,0x1900,0x0,0x0,0x11,0x0,0x1,0x0,0x70ea33bfe888,0x70ea33bfe890,0x70ea2c000ba0,0x70ea42a05710,0x70ea3e2c7a89,0x70ea3e2c73b9,0x70ea3e2c7a89,1,0x5fe0bbe6ef52c52,0x0
457,29930839218489,95621,2,3,RET,get_target,,0x1982,0x0,0x0,0x70ea3e2c73d3,0x1,0x0,0x0,0x70ea33bfe868,0x70ea33bfe880,0x70ea2c000ba0,0x1,0x70ea3e2c79a8,0x70ea3e2c73b9,0x70ea3e2c79a8,1,0xfacbff8d214e7a18,0x0
458,29930839225591,95621,2,4,INDIRECT_CALL,test16_returned_fptr_call,,0x19b0,0x0,0x0,0x70ea3e2c73d3,0x1,0x0,0x0,0x70ea33bfe870,0x70ea33bfe880,0x70ea2c000ba0,0x1,0x0,0x70ea3e2c73b9,0x0,0,0x6d557eef9e2d4c38,0x0
459,29930839240608,95621,2,3,RET,test_target_b,,0x13ec,0x0,0x0,0x11,0x0,0x1,0x0,0x70ea33bfe868,0x70ea33bfe880,0x70ea2c000ba0,0x70ea42a05710,0x70ea3e2c79b2,0x70ea3e2c73b9,0x70ea3e2c79b2,1,0x9e91e59b51d2fd8a,0x0
460,29930839244801,95621,2,3,RET,test16_returned_fptr_call,,0x19b4,0x0,0x0,0x11,0x0,0x1,0x0,0x70ea33bfe888,0x70ea33bfe890,0x70ea2c000ba0,0x70ea42a05710,0x70ea3e2c7a8e,0x70ea3e2c73b9,0x70ea3e2c7a8e,1,0xfdfbf1a042d1ffc2,0x0
461,29930839258965,95621,2,4,INDIRECT_CALL,test17_nested_struct_fptr,,0x19f5,0x0,0x0,0x70ea3e2c73d3,0x0,0x1,0x0,0x70ea33bfe850,0x70ea33bfe880,0x70ea2c000ba0,0x70ea42a05710,0x0,0x70ea3e2c73d3,0x0,1,0x63d72e8298c11525,0x0
462,29930839266604,95621,2,3,RET,test_target_b,,0x13ec,0x0,0x0,0x11,0x0,0x1,0x0,0x70ea33bfe848,0x70ea33bfe880,0x70ea2c000ba0,0x70ea42a05710,0x70ea3e2c79f7,0x70ea3e2c73d3,0x70ea3e2c79f7,1,0x3495c3da9e45c0b8,0x0
463,29930839270478,95621,2,3,RET,test17_nested_struct_fptr,,0x1a0d,0x0,0x0,0x0,0x0,0x1,0x0,0x70ea33bfe888,0x70ea33bfe890,0x70ea2c000ba0,0x70ea42a05710,0x70ea3e2c7a93,0x70ea3e2c73d3,0x70ea3e2c7a93,1,0x2b720306abb1e58,0x0
464,29930839283930,95621,2,3,RET,test_all,,0x1aa4,0x0,0x0,0x27,0x0,0x1,0x0,0x70ea33bfe898,0x70ea33bfe8a0,0x70ea2c000ba0,0x70ea42a05710,0x70ea42a44b16,0x70ea3e2c73d3,0x70ea42a44b16,1,0x2453849044fabb78,0x0
465,29931886112390,95621,2,4,INDIRECT_CALL,test01_global_fptr_call,,0x148f,0x0,0x0,0x70ea3e2c73b9,0x0,0x1,0x0,0x70ea33bfe880,0x70ea33bfe880,0x70ea2c000ba0,0x70ea42a05710,0x0,0x70ea3e2c73b9,0x0,1,0xcfa1cddd308fd260,0x0
466,29931886132423,95621,2,3,RET,test_target_a,,0x13d2,0x0,0x0,0x11,0x0,0x1,0x0,0x70ea33bfe878,0x70ea33bfe880,0x70ea2c000ba0,0x70ea42a05710,0x70ea3e2c7491,0x70ea3e2c73b9,0x70ea3e2c7491,1,0x17061fa095964771,0x0
467,29931886140180,95621,2,3,RET,test01_global_fptr_call,,0x1493,0x0,0x0,0x11,0x0,0x1,0x0,0x70ea33bfe888,0x70ea33bfe890,0x70ea2c000ba0,0x70ea42a05710,0x70ea3e2c7a2a,0x70ea3e2c73b9,0x70ea3e2c7a2a,1,0xe76d3f526d26d91d,0x0
468,29931886165002,95621,2,4,INDIRECT_CALL,test02_local_fptr_call,,0x14be,0x0,0x0,0x70ea3e2c73d3,0x0,0x1,0x0,0x70ea33bfe870,0x70ea33bfe880,0x70ea2c000ba0,0x70ea42a05710,0x0,0x70ea3e2c73d3,0x0,1,0x7d21c74581e4f914,0x0
469,29931886182980,95621,2,3,RET,test_target_b,,0x13ec,0x0,0x0,0x11,0x0,0x1,0x0,0x70ea33bfe868,0x70ea33bfe880,0x70ea2c000ba0,0x70ea42a05710,0x70ea3e2c74c0,0x70ea3e2c73d3,0x70ea3e2c74c0,1,0x57d6a082cbda9a44,0x0
470,29931886187319,95621,2,3,RET,test02_local_fptr_call,,0x14c2,0x0,0x0,0x11,0x0,0x1,0x0,0x70ea33bfe888,0x70ea33bfe890,0x70ea2c000ba0,0x70ea42a05710,0x70ea3e2c7a2f,0x70ea3e2c73d3,0x70ea3e2c7a2f,1,0x26365e0bfbac66f4,0x0
471,29931886209489,95621,2,4,INDIRECT_CALL,test03_table_fptr_call,,0x150f,0x0,0x0,0x70ea3e2c73ed,0x0,0x10,0x0,0x70ea33bfe870,0x70ea33bfe880,0x70ea2c000ba0,0x70ea33bfe670,0x0,0x2,0x0,0,0xaeca202dfe0d7c4d,0x0
472,29931886234715,95621,2,3,RET,test_target_c,,0x1406,0x0,0x0,0x11,0x0,0x1,0x0,0x70ea33bfe868,0x70ea33bfe880,0x70ea2c000ba0,0x70ea42a05710,0x70ea3e2c7511,0x2,0x70ea3e2c7511,1,0x92f1a1faf82bd7da,0x0
473,29931886238322,95621,2,3,RET,test03_table_fptr_call,,0x1513,0x0,0x0,0x11,0x0,0x1,0x0,0x70ea33bfe888,0x70ea33bfe890,0x70ea2c000ba0,0x70ea42a05710,0x70ea3e2c7a39,0x2,0x70ea3e2c7a39,1,0x315b8330530b53d2,0x0
474,29931886252481,95621,2,4,INDIRECT_CALL,test04_stack_fptr_call,,0x1546,0x0,0x0,0x70ea3e2c73ed,0x0,0x1,0x0,0x70ea33bfe870,0x70ea33bfe880,0x70ea2c000ba0,0x70ea42a05710,0x0,0x70ea3e2c73ed,0x0,1,0x1acdd9570ef62f60,0x0
475,29931886259799,95621,2,3,RET,test_target_c,,0x1406,0x0,0x0,0x11,0x0,0x1,0x0,0x70ea33bfe868,0x70ea33bfe880,0x70ea2c000ba0,0x70ea42a05710,0x70ea3e2c7548,0x70ea3e2c73ed,0x70ea3e2c7548,1,0x560025106581e128,0x0
476,29931886263423,95621,2,3,RET,test04_stack_fptr_call,,0x154a,0x0,0x0,0x11,0x0,0x1,0x0,0x70ea33bfe888,0x70ea33bfe890,0x70ea2c000ba0,0x70ea42a05710,0x70ea3e2c7a3e,0x70ea3e2c73ed,0x70ea3e2c7a3e,1,0x7dcf438817d70e08,0x0
477,29931886281450,95621,2,4,INDIRECT_CALL,test05_vtable_call,,0x1587,0x0,0x0,0x70ea3e2c73b9,0x0,0x1,0x0,0x70ea33bfe860,0x70ea33bfe880,0x70ea2c000ba0,0x70ea42a05710,0x0,0x70ea3e2c73d3,0x0,0,0x5f512b6216b60b8b,0x0
478,29931886288711,95621,2,3,RET,test_target_a,,0x13d2,0x0,0x0,0x11,0x0,0x1,0x0,0x70ea33bfe858,0x70ea33bfe880,0x70ea2c000ba0,0x70ea42a05710,0x70ea3e2c7589,0x70ea3e2c73d3,0x70ea3e2c7589,1,0xc669256a5b89b9b8,0x0
479,29931886295914,95621,2,4,INDIRECT_CALL,test05_vtable_call,,0x158d,0x0,0x0,0x70ea3e2c73d3,0x0,0x1,0x0,0x70ea33bfe860,0x70ea33bfe880,0x70ea2c000ba0,0x70ea42a05710,0x0,0x70ea3e2c73d3,0x0,1,0x75ac1ada4c8a2358,0x0
480,29931886303277,95621,2,3,RET,test_target_b,,0x13ec,0x0,0x0,0x11,0x0,0x1,0x0,0x70ea33bfe858,0x70ea33bfe880,0x70ea2c000ba0,0x70ea42a05710,0x70ea3e2c758f,0x70ea3e2c73d3,0x70ea3e2c758f,1,0xbcbc38155ba65207,0x0
481,29931886306757,95621,2,3,RET,test05_vtable_call,,0x1591,0x0,0x0,0x11,0x0,0x1,0x0,0x70ea33bfe888,0x70ea33bfe890,0x70ea2c000ba0,0x70ea42a05710,0x70ea3e2c7a43,0x70ea3e2c73d3,0x70ea3e2c7a43,1,0x8204807beb390efb,0x0
482,29931886319222,95621,2,4,INDIRECT_CALL,call_via_fp,,0x15a6,0x0,0x0,0x70ea3e2c7407,0x0,0x1,0x0,0x70ea33bfe860,0x70ea33bfe870,0x70ea2c000ba0,0x70ea3e2c7407,0x0,0x70ea3e2c7407,0x0,1,0x988fcdb8080d61f0,0x0
483,29931886327494,95621,2,3,RET,test_target_d,,0x1420,0x0,0x0,0x11,0x0,0x1,0x0,0x70ea33bfe858,0x70ea33bfe870,0x70ea2c000ba0,0x70ea42a05710,0x70ea3e2c75a8,0x70ea3e2c7407,0x70ea3e2c75a8,1,0x9c4a4a07312a48d8,0x0
484,29931886330943,95621,2,3,RET,call_via_fp,,0x15aa,0x0,0x0,0x11,0x0,0x1,0x0,0x70ea33bfe878,0x70ea33bfe880,0x70ea2c000ba0,0x70ea42a05710,0x70ea3e2c75d1,0x70ea3e2c7407,0x70ea3e2c75d1,1,0x433b793e0042d3f8,0x0
485,29931886334424,95621,2,3,RET,test06_callback_arg,,0x15d3,0x0,0x0,0x11,0x0,0x1,0x0,0x70ea33bfe888,0x70ea33bfe890,0x70ea2c000ba0,0x70ea42a05710,0x70ea3e2c7a48,0x70ea3e2c7407,0x70ea3e2c7a48,1,0x4348aefc62d9d098,0x0
486,29931886348682,95621,2,4,INDIRECT_CALL,test07_indirect_jump,,0x162c,0x0,0x0,0x70ea3e2c73b9,0x0,0x1,0x0,0x70ea33bfe840,0x70ea33bfe880,0x70ea2c000ba0,0x70ea42a05710,0x0,0x70ea3e2c7407,0x0,0,0xfc4c3164c30278aa,0x0
487,29931886356274,95621,2,3,RET,test_target_a,,0x13d2,0x0,0x0,0x11,0x0,0x1,0x0,0x70ea33bfe838,0x70ea33bfe880,0x70ea2c000ba0,0x70ea42a05710,0x70ea3e2c762e,0x70ea3e2c7407,0x70ea3e2c762e,1,0x6cf02fde464da290,0x0
488,29931886367821,95621,2,4,INDIRECT_CALL,test07_indirect_jump,,0x163d,0x0,0x0,0x70ea3e2c73ed,0x0,0x1,0x0,0x70ea33bfe840,0x70ea33bfe880,0x70ea2c000ba0,0x70ea42a05710,0x0,0x70ea3e2c73ed,0x0,1,0x69e3161e1f61750,0x0
489,29931886374931,95621,2,3,RET,test_target_c,,0x1406,0x0,0x0,0x11,0x0,0x1,0x0,0x70ea33bfe838,0x70ea33bfe880,0x70ea2c000ba0,0x70ea42a05710,0x70ea3e2c763f,0x70ea3e2c73ed,0x70ea3e2c763f,1,0x107b19c788c2c34f,0x0
490,29931886378895,95621,2,3,RET,test07_indirect_jump,,0x1655,0x0,0x0,0x0,0x0,0x1,0x0,0x70ea33bfe888,0x70ea33bfe890,0x70ea2c000ba0,0x70ea42a05710,0x70ea3e2c7a52,0x70ea3e2c73ed,0x70ea3e2c7a52,1,0x2051ffdab0893aa3,0x0
491,29931886389713,95621,2,4,INDIRECT_CALL,test08_indirect_call_with_retval,,0x1688,0x0,0x0,0x5,0x0,0x70ea3e2c7421,0x0,0x70ea33bfe860,0x70ea33bfe880,0x70ea2c000ba0,0x5,0x0,0x70ea3e2c7421,0x0,0,0x98d5e27b96b59537,0x0
492,29931886397179,95621,2,3,RET,test_target_ret_int,,0x1432,0x0,0x0,0xa,0x0,0x70ea3e2c7421,0x0,0x70ea33bfe858,0x70ea33bfe880,0x70ea2c000ba0,0x5,0x70ea3e2c768a,0x70ea3e2c7421,0x70ea3e2c768a,1,0xcaedc1dede51c0f5,0x0
493,29931886401820,95621,2,3,RET,test08_indirect_call_with_retval,,0x16a8,0x0,0x0,0x11,0x0,0x0,0x0,0x70ea33bfe888,0x70ea33bfe890,0x70ea2c000ba0,0x70ea33bfe660,0x70ea3e2c7a5c,0x70ea3e2c7421,0x70ea3e2c7a5c,1,0x612028db0417ce51,0x0
494,29931886416652,95621,2,4,INDIRECT_CALL,test09_indirect_call_multiarg,,0x16e2,0x0,0x0,0x70ea3e2c7433,0x0,0x1e,0x0,0x70ea33bfe870,0x70ea33bfe880,0x14,0xa,0x0,0x70ea3e2c7433,0x0,1,0x62b5c424f122d39a,0x0
495,29931886424814,95621,2,3,RET,test_target_arg,,0x146d,0x0,0x0,0x12,0x0,0x0,0x0,0x70ea33bfe868,0x70ea33bfe880,0x70ea2c000ba0,0x70ea33bfe650,0x70ea3e2c76e4,0x70ea3e2c7433,0x70ea3e2c76e4,1,0x7ef41ddd0b697b76,0x0
496,29931886428259,95621,2,3,RET,test09_indirect_call_multiarg,,0x16e6,0x0,0x0,0x12,0x0,0x0,0x0,0x70ea33bfe888,0x70ea33bfe890,0x70ea2c000ba0,0x70ea33bfe650,0x70ea3e2c7a61,0x70ea3e2c7433,0x70ea3e2c7a61,1,0xa7e6ac8672cb853e,0x0
497,29931886442984,95621,2,4,INDIRECT_CALL,test10_volatile_fptr,,0x1711,0x0,0x0,0x70ea3e2c73b9,0x0,0x1,0x0,0x70ea33bfe870,0x70ea33bfe880,0x70ea2c000ba0,0x70ea42a05710,0x0,0x70ea3e2c73b9,0x0,1,0xb74a7516d0dd6cd4,0x0
498,29931886450031,95621,2,3,RET,test_target_a,,0x13d2,0x0,0x0,0x11,0x0,0x1,0x0,0x70ea33bfe868,0x70ea33bfe880,0x70ea2c000ba0,0x70ea42a05710,0x70ea3e2c7713,0x70ea3e2c73b9,0x70ea3e2c7713,1,0x150e923e65686557,0x0
499,29931886453799,95621,2,3,RET,test10_volatile_fptr,,0x1715,0x0,0x0,0x11,0x0,0x1,0x0,0x70ea33bfe888,0x70ea33bfe890,0x70ea2c000ba0,0x70ea42a05710,0x70ea3e2c7a66,0x70ea3e2c73b9,0x70ea3e2c7a66,1,0x5bc537f0749da80b,0x0
500,29931886464104,95621,2,4,INDIRECT_CALL,test11_conditional_indirect,,0x1760,0x0,0x0,0x70ea3e2c73b9,0x0,0x0,0x0,0x70ea33bfe860,0x70ea33bfe880,0x70ea2c000ba0,0x70ea33bfe660,0x0,0x70ea3e2c73b9,0x0,1,0x7ab0b358b704f3,0x0
501,29931886471366,95621,2,3,RET,test_target_a,,0x13d2,0x0,0x0,0x11,0x0,0x1,0x0,0x70ea33bfe858,0x70ea33bfe880,0x70ea2c000ba0,0x70ea42a05710,0x70ea3e2c7762,0x70ea3e2c73b9,0x70ea3e2c7762,1,0xca50f73410619cd9,0x0
502,29931886474756,95621,2,3,RET,test11_conditional_indirect,,0x1764,0x0,0x0,0x11,0x0,0x1,0x0,0x70ea33bfe888,0x70ea33bfe890,0x70ea2c000ba0,0x70ea42a05710,0x70ea3e2c7a70,0x70ea3e2c73b9,0x70ea3e2c7a70,1,0x3a38927b202fe665,0x0
503,29931886485453,95621,2,4,INDIRECT_CALL,test12_switch_style,,0x17ed,0x0,0x0,0x70ea3e2c73ed,0x0,0x0,0x0,0x70ea33bfe860,0x70ea33bfe880,0x70ea2c000ba0,0x70ea33bfe660,0x0,0x70ea3e2c73b9,0x0,0,0xb59ffdf55a28bbe7,0x0
504,29931886492579,95621,2,3,RET,test_target_c,,0x1406,0x0,0x0,0x11,0x0,0x1,0x0,0x70ea33bfe858,0x70ea33bfe880,0x70ea2c000ba0,0x70ea42a05710,0x70ea3e2c77ef,0x70ea3e2c73b9,0x70ea3e2c77ef,1,0xcc27f626c842db4a,0x0
505,29931886495916,95621,2,3,RET,test12_switch_style,,0x17f1,0x0,0x0,0x11,0x0,0x1,0x0,0x70ea33bfe888,0x70ea33bfe890,0x70ea2c000ba0,0x70ea42a05710,0x70ea3e2c7a7a,0x70ea3e2c73b9,0x70ea3e2c7a7a,1,0x54db7ceb0883ea82,0x0
506,29931886509756,95621,2,4,INDIRECT_CALL,test13_runtime_computed_target,,0x1856,0x0,0x0,0x70ea3e2c73ed,0x0,0x1,0x0,0x70ea33bfe850,0x70ea33bfe880,0x70ea2c000ba0,0x70ea42a05710,0x0,0x3e2c77ef00000002,0x0,0,0x3866ad96c371ddd1,0x0
507,29931886516719,95621,2,3,RET,test_target_c,,0x1406,0x0,0x0,0x11,0x0,0x1,0x0,0x70ea33bfe848,0x70ea33bfe880,0x70ea2c000ba0,0x70ea42a05710,0x70ea3e2c7858,0x3e2c77ef00000002,0x70ea3e2c7858,1,0xd6d6ec2189b79855,0x0
508,29931886520466,95621,2,3,RET,test13_runtime_computed_target,,0x186e,0x0,0x0,0x0,0x0,0x1,0x0,0x70ea33bfe888,0x70ea33bfe890,0x70ea2c000ba0,0x70ea42a05710,0x70ea3e2c7a7f,0x3e2c77ef00000002,0x70ea3e2c7a7f,1,0x1b5ce3eafa53c231,0x0
509,29931886532923,95621,2,3,RET,test14_ret_chain_deep,,0x1888,0x0,0x0,0x14,0x0,0x1,0x0,0x70ea33bfe868,0x70ea33bfe870,0x70ea2c000ba0,0x70ea42a05710,0x70ea3e2c78a5,0x3e2c77ef00000002,0x70ea3e2c78a5,1,0x6ab20f057211787e,0x0
510,29931886536374,95621,2,3,RET,test14_ret_chain_mid,,0x18a7,0x0,0x0,0x14,0x0,0x1,0x0,0x70ea33bfe878,0x70ea33bfe880,0x70ea2c000ba0,0x70ea42a05710,0x70ea3e2c78c4,0x3e2c77ef00000002,0x70ea3e2c78c4,1,0xae90b72e139ab1a6,0x0
511,29931886539635,95621,2,3,RET,test14_ret_chain,,0x18c6,0x0,0x0,0x14,0x0,0x1,0x0,0x70ea33bfe888,0x70ea33bfe890,0x70ea2c000ba0,0x70ea42a05710,0x70ea3e2c7a84,0x3e2c77ef00000002,0x70ea3e2c7a84,1,0xcc0b7958076237ae,0x0
512,29931886553982,95621,2,4,INDIRECT_CALL,test15_double_indirect,,0x18fc,0x0,0x0,0x70ea3e2c73b9,0x0,0x1,0x0,0x70ea33bfe870,0x70ea33bfe880,0x70ea2c000ba0,0x70ea42a05710,0x0,0x70ea3e2c73b9,0x0,1,0xc30c860534e3fce7,0x0
513,29931886561079,95621,2,3,RET,test_target_a,,0x13d2,0x0,0x0,0x11,0x0,0x1,0x0,0x70ea33bfe868,0x70ea33bfe880,0x70ea2c000ba0,0x70ea42a05710,0x70ea3e2c78fe,0x70ea3e2c73b9,0x70ea3e2c78fe,1,0xd79f71e13dcb8959,0x0
514,29931886564774,95621,2,3,RET,test15_double_indirect,,0x1900,0x0,0x0,0x11,0x0,0x1,0x0,0x70ea33bfe888,0x70ea33bfe890,0x70ea2c000ba0,0x70ea42a05710,0x70ea3e2c7a89,0x70ea3e2c73b9,0x70ea3e2c7a89,1,0xa87c9707275898e5,0x0
515,29931886579783,95621,2,3,RET,get_target,,0x1982,0x0,0x0,0x70ea3e2c73d3,0x1,0x0,0x0,0x70ea33bfe868,0x70ea33bfe880,0x70ea2c000ba0,0x1,0x70ea3e2c79a8,0x70ea3e2c73b9,0x70ea3e2c79a8,1,0xead8e8e071d3207,0x0
516,29931886586802,95621,2,4,INDIRECT_CALL,test16_returned_fptr_call,,0x19b0,0x0,0x0,0x70ea3e2c73d3,0x1,0x0,0x0,0x70ea33bfe870,0x70ea33bfe880,0x70ea2c000ba0,0x1,0x0,0x70ea3e2c73b9,0x0,0,0x72fce2ec65166efb,0x0
517,29931886593829,95621,2,3,RET,test_target_b,,0x13ec,0x0,0x0,0x11,0x0,0x1,0x0,0x70ea33bfe868,0x70ea33bfe880,0x70ea2c000ba0,0x70ea42a05710,0x70ea3e2c79b2,0x70ea3e2c73b9,0x70ea3e2c79b2,1,0x8b5186fb71803491,0x0
518,29931886597237,95621,2,3,RET,test16_returned_fptr_call,,0x19b4,0x0,0x0,0x11,0x0,0x1,0x0,0x70ea33bfe888,0x70ea33bfe890,0x70ea2c000ba0,0x70ea42a05710,0x70ea3e2c7a8e,0x70ea3e2c73b9,0x70ea3e2c7a8e,1,0x67226c25dcc08fbd,0x0
519,29931886611125,95621,2,4,INDIRECT_CALL,test17_nested_struct_fptr,,0x19f5,0x0,0x0,0x70ea3e2c73d3,0x0,0x1,0x0,0x70ea33bfe850,0x70ea33bfe880,0x70ea2c000ba0,0x70ea42a05710,0x0,0x70ea3e2c73d3,0x0,1,0x96b57ccb910d2118,0x0
520,29931886618221,95621,2,3,RET,test_target_b,,0x13ec,0x0,0x0,0x11,0x0,0x1,0x0,0x70ea33bfe848,0x70ea33bfe880,0x70ea2c000ba0,0x70ea42a05710,0x70ea3e2c79f7,0x70ea3e2c73d3,0x70ea3e2c79f7,1,0xac92ae6d733ce12f,0x0
521,29931886621986,95621,2,3,RET,test17_nested_struct_fptr,,0x1a0d,0x0,0x0,0x0,0x0,0x1,0x0,0x70ea33bfe888,0x70ea33bfe890,0x70ea2c000ba0,0x70ea42a05710,0x70ea3e2c7a93,0x70ea3e2c73d3,0x70ea3e2c7a93,1,0xde8333f9b6e23303,0x0
522,29931886626782,95621,2,3,RET,test_all,,0x1aa4,0x0,0x0,0x27,0x0,0x1,0x0,0x70ea33bfe898,0x70ea33bfe8a0,0x70ea2c000ba0,0x70ea42a05710,0x70ea42a44b16,0x70ea3e2c73d3,0x70ea42a44b16,1,0x524618f3012ca247,0x0
523,29932888833466,95621,2,4,INDIRECT_CALL,test01_global_fptr_call,,0x148f,0x0,0x0,0x70ea3e2c73b9,0x0,0x1,0x0,0x70ea33bfe880,0x70ea33bfe880,0x70ea2c000ba0,0x70ea42a05710,0x0,0x70ea3e2c73b9,0x0,1,0xf8a584de186b06bb,0x0
524,29932888845024,95621,2,3,RET,test_target_a,,0x13d2,0x0,0x0,0x11,0x0,0x1,0x0,0x70ea33bfe878,0x70ea33bfe880,0x70ea2c000ba0,0x70ea42a05710,0x70ea3e2c7491,0x70ea3e2c73b9,0x70ea3e2c7491,1,0x74ef4d7db1414c30,0x0
525,29932888848924,95621,2,3,RET,test01_global_fptr_call,,0x1493,0x0,0x0,0x11,0x0,0x1,0x0,0x70ea33bfe888,0x70ea33bfe890,0x70ea2c000ba0,0x70ea42a05710,0x70ea3e2c7a2a,0x70ea3e2c73b9,0x70ea3e2c7a2a,1,0x8cb8f75f7b241070,0x0
526,29932888880248,95621,2,4,INDIRECT_CALL,test02_local_fptr_call,,0x14be,0x0,0x0,0x70ea3e2c73d3,0x0,0x1,0x0,0x70ea33bfe870,0x70ea33bfe880,0x70ea2c000ba0,0x70ea42a05710,0x0,0x70ea3e2c73d3,0x0,1,0x5fc308847a8e981f,0x0
527,29932888897573,95621,2,3,RET,test_target_b,,0x13ec,0x0,0x0,0x11,0x0,0x1,0x0,0x70ea33bfe868,0x70ea33bfe880,0x70ea2c000ba0,0x70ea42a05710,0x70ea3e2c74c0,0x70ea3e2c73d3,0x70ea3e2c74c0,1,0x6c37fca9280aabf3,0x0
528,29932888902100,95621,2,3,RET,test02_local_fptr_call,,0x14c2,0x0,0x0,0x11,0x0,0x1,0x0,0x70ea33bfe888,0x70ea33bfe890,0x70ea2c000ba0,0x70ea42a05710,0x70ea3e2c7a2f,0x70ea3e2c73d3,0x70ea3e2c7a2f,1,0x80d1cc22fde14077,0x0
529,29932888923860,95621,2,4,INDIRECT_CALL,test03_table_fptr_call,,0x150f,0x0,0x0,0x70ea3e2c73ed,0x0,0x10,0x0,0x70ea33bfe870,0x70ea33bfe880,0x70ea2c000ba0,0x70ea33bfe670,0x0,0x2,0x0,0,0xeb3d21889b798108,0x0
530,29932888933034,95621,2,3,RET,test_target_c,,0x1406,0x0,0x0,0x11,0x0,0x1,0x0,0x70ea33bfe868,0x70ea33bfe880,0x70ea2c000ba0,0x70ea42a05710,0x70ea3e2c7511,0x2,0x70ea3e2c7511,1,0x686100460c3cd579,0x0
531,29932888936681,95621,2,3,RET,test03_table_fptr_call,,0x1513,0x0,0x0,0x11,0x0,0x1,0x0,0x70ea33bfe888,0x70ea33bfe890,0x70ea2c000ba0,0x70ea42a05710,0x70ea3e2c7a39,0x2,0x70ea3e2c7a39,1,0xfeab5ece9387c285,0x0
532,29932888951354,95621,2,4,INDIRECT_CALL,test04_stack_fptr_call,,0x1546,0x0,0x0,0x70ea3e2c73ed,0x0,0x1,0x0,0x70ea33bfe870,0x70ea33bfe880,0x70ea2c000ba0,0x70ea42a05710,0x0,0x70ea3e2c73ed,0x0,1,0x8a3d7ffc0fdd44cb,0x0
533,29932888966361,95621,2,3,RET,test_target_c,,0x1406,0x0,0x0,0x11,0x0,0x1,0x0,0x70ea33bfe868,0x70ea33bfe880,0x70ea2c000ba0,0x70ea42a05710,0x70ea3e2c7548,0x70ea3e2c73ed,0x70ea3e2c7548,1,0x9629bec2ec2e99b7,0x0
534,29932888970727,95621,2,3,RET,test04_stack_fptr_call,,0x154a,0x0,0x0,0x11,0x0,0x1,0x0,0x70ea33bfe888,0x70ea33bfe890,0x70ea2c000ba0,0x70ea42a05710,0x70ea3e2c7a3e,0x70ea3e2c73ed,0x70ea3e2c7a3e,1,0xb0a01e071d3734eb,0x0
535,29932888998584,95621,2,4,INDIRECT_CALL,test05_vtable_call,,0x1587,0x0,0x0,0x70ea3e2c73b9,0x0,0x1,0x0,0x70ea33bfe860,0x70ea33bfe880,0x70ea2c000ba0,0x70ea42a05710,0x0,0x70ea3e2c73d3,0x0,0,0xc694c157c4308ca6,0x0
536,29932889006591,95621,2,3,RET,test_target_a,,0x13d2,0x0,0x0,0x11,0x0,0x1,0x0,0x70ea33bfe858,0x70ea33bfe880,0x70ea2c000ba0,0x70ea42a05710,0x70ea3e2c7589,0x70ea3e2c73d3,0x70ea3e2c7589,1,0xb2f1216841eaec37,0x0
537,29932889014071,95621,2,4,INDIRECT_CALL,test05_vtable_call,,0x158d,0x0,0x0,0x70ea3e2c73d3,0x0,0x1,0x0,0x70ea33bfe860,0x70ea33bfe880,0x70ea2c000ba0,0x70ea42a05710,0x0,0x70ea3e2c73d3,0x0,1,0xf8389f264e89556b,0x0
538,29932889029297,95621,2,3,RET,test_target_b,,0x13ec,0x0,0x0,0x11,0x0,0x1,0x0,0x70ea33bfe858,0x70ea33bfe880,0x70ea2c000ba0,0x70ea42a05710,0x70ea3e2c758f,0x70ea3e2c73d3,0x70ea3e2c758f,1,0xc22b0c2584426e1e,0x0
539,29932889033491,95621,2,3,RET,test05_vtable_call,,0x1591,0x0,0x0,0x11,0x0,0x1,0x0,0x70ea33bfe888,0x70ea33bfe890,0x70ea2c000ba0,0x70ea42a05710,0x70ea3e2c7a43,0x70ea3e2c73d3,0x70ea3e2c7a43,1,0xb5a0c39c570a06c6,0x0
540,29932889054604,95621,2,4,INDIRECT_CALL,call_via_fp,,0x15a6,0x0,0x0,0x70ea3e2c7407,0x0,0x1,0x0,0x70ea33bfe860,0x70ea33bfe870,0x70ea2c000ba0,0x70ea3e2c7407,0x0,0x70ea3e2c7407,0x0,1,0x717cd1d836e4a877,0x0
541,29932889063499,95621,2,3,RET,test_target_d,,0x1420,0x0,0x0,0x11,0x0,0x1,0x0,0x70ea33bfe858,0x70ea33bfe870,0x70ea2c000ba0,0x70ea42a05710,0x70ea3e2c75a8,0x70ea3e2c7407,0x70ea3e2c75a8,1,0x8d3fbd698dba7253,0x0
542,29932889066988,95621,2,3,RET,call_via_fp,,0x15aa,0x0,0x0,0x11,0x0,0x1,0x0,0x70ea33bfe878,0x70ea33bfe880,0x70ea2c000ba0,0x70ea42a05710,0x70ea3e2c75d1,0x70ea3e2c7407,0x70ea3e2c75d1,1,0xdc79c45ba669f757,0x0
543,29932889070395,95621,2,3,RET,test06_callback_arg,,0x15d3,0x0,0x0,0x11,0x0,0x1,0x0,0x70ea33bfe888,0x70ea33bfe890,0x70ea2c000ba0,0x70ea42a05710,0x70ea3e2c7a48,0x70ea3e2c7407,0x70ea3e2c7a48,1,0x1dd0257c88c4d20b,0x0
544,29932889084702,95621,2,4,INDIRECT_CALL,test07_indirect_jump,,0x162c,0x0,0x0,0x70ea3e2c73b9,0x0,0x1,0x0,0x70ea33bfe840,0x70ea33bfe880,0x70ea2c000ba0,0x70ea42a05710,0x0,0x70ea3e2c7407,0x0,0,0xf88b31e3c00b3ed5,0x0
545,29932889092247,95621,2,3,RET,test_target_a,,0x13d2,0x0,0x0,0x11,0x0,0x1,0x0,0x70ea33bfe838,0x70ea33bfe880,0x70ea2c000ba0,0x70ea42a05710,0x70ea3e2c762e,0x70ea3e2c7407,0x70ea3e2c762e,1,0xa6610622dfad1cdf,0x0
546,29932889103631,95621,2,4,INDIRECT_CALL,test07_indirect_jump,,0x163d,0x0,0x0,0x70ea3e2c73ed,0x0,0x1,0x0,0x70ea33bfe840,0x70ea33bfe880,0x70ea2c000ba0,0x70ea42a05710,0x0,0x70ea3e2c73ed,0x0,1,0xf23138eefb3cf3,0x0
547,29932889111083,95621,2,3,RET,test_target_c,,0x1406,0x0,0x0,0x11,0x0,0x1,0x0,0x70ea33bfe838,0x70ea33bfe880,0x70ea2c000ba0,0x70ea42a05710,0x70ea3e2c763f,0x70ea3e2c73ed,0x70ea3e2c763f,1,0xb8d4eed9247d73b6,0x0
548,29932889114877,95621,2,3,RET,test07_indirect_jump,,0x1655,0x0,0x0,0x0,0x0,0x1,0x0,0x70ea33bfe888,0x70ea33bfe890,0x70ea2c000ba0,0x70ea42a05710,0x70ea3e2c7a52,0x70ea3e2c73ed,0x70ea3e2c7a52,1,0x71a5eefb776fb87e,0x0
549,29932889125343,95621,2,4,INDIRECT_CALL,test08_indirect_call_with_retval,,0x1688,0x0,0x0,0x5,0x0,0x70ea3e2c7421,0x0,0x70ea33bfe860,0x70ea33bfe880,0x70ea2c000ba0,0x5,0x0,0x70ea3e2c7421,0x0,0,0xb709269f6d8af20a,0x0
550,29932889132659,95621,2,3,RET,test_target_ret_int,,0x1432,0x0,0x0,0xa,0x0,0x70ea3e2c7421,0x0,0x70ea33bfe858,0x70ea33bfe880,0x70ea2c000ba0,0x5,0x70ea3e2c768a,0x70ea3e2c7421,0x70ea3e2c768a,1,0x12c9062db7a490cc,0x0
551,29932889137264,95621,2,3,RET,test08_indirect_call_with_retval,,0x16a8,0x0,0x0,0x11,0x0,0x0,0x0,0x70ea33bfe888,0x70ea33bfe890,0x70ea2c000ba0,0x70ea33bfe660,0x70ea3e2c7a5c,0x70ea3e2c7421,0x70ea3e2c7a5c,1,0xa27661771ef7cedc,0x0
552,29932889151400,95621,2,4,INDIRECT_CALL,test09_indirect_call_multiarg,,0x16e2,0x0,0x0,0x70ea3e2c7433,0x0,0x1e,0x0,0x70ea33bfe870,0x70ea33bfe880,0x14,0xa,0x0,0x70ea3e2c7433,0x0,1,0x7b53b250654caa9d,0x0
553,29932889159006,95621,2,3,RET,test_target_arg,,0x146d,0x0,0x0,0x12,0x0,0x0,0x0,0x70ea33bfe868,0x70ea33bfe880,0x70ea2c000ba0,0x70ea33bfe650,0x70ea3e2c76e4,0x70ea3e2c7433,0x70ea3e2c76e4,1,0x56de3bb6500ef1bd,0x0
554,29932889162500,95621,2,3,RET,test09_indirect_call_multiarg,,0x16e6,0x0,0x0,0x12,0x0,0x0,0x0,0x70ea33bfe888,0x70ea33bfe890,0x70ea2c000ba0,0x70ea33bfe650,0x70ea3e2c7a61,0x70ea3e2c7433,0x70ea3e2c7a61,1,0x2c26aff499328379,0x0
555,29932889177507,95621,2,4,INDIRECT_CALL,test10_volatile_fptr,,0x1711,0x0,0x0,0x70ea3e2c73b9,0x0,0x1,0x0,0x70ea33bfe870,0x70ea33bfe880,0x70ea2c000ba0,0x70ea42a05710,0x0,0x70ea3e2c73b9,0x0,1,0xfcf373041d613107,0x0
556,29932889189454,95621,2,3,RET,test_target_a,,0x13d2,0x0,0x0,0x11,0x0,0x1,0x0,0x70ea33bfe868,0x70ea33bfe880,0x70ea2c000ba0,0x70ea42a05710,0x70ea3e2c7713,0x70ea3e2c73b9,0x70ea3e2c7713,1,0xe157a052d1bc790e,0x0
557,29932889192984,95621,2,3,RET,test10_volatile_fptr,,0x1715,0x0,0x0,0x11,0x0,0x1,0x0,0x70ea33bfe888,0x70ea33bfe890,0x70ea2c000ba0,0x70ea42a05710,0x70ea3e2c7a66,0x70ea3e2c73b9,0x70ea3e2c7a66,1,0xac7791ace8f5cef6,0x0
558,29932889203977,95621,2,4,INDIRECT_CALL,test11_conditional_indirect,,0x1760,0x0,0x0,0x70ea3e2c73b9,0x0,0x0,0x0,0x70ea33bfe860,0x70ea33bfe880,0x70ea2c000ba0,0x70ea33bfe660,0x0,0x70ea3e2c73b9,0x0,1,0xe710012cefe5956,0x0
559,29932889211310,95621,2,3,RET,test_target_a,,0x13d2,0x0,0x0,0x11,0x0,0x1,0x0,0x70ea33bfe858,0x70ea33bfe880,0x70ea2c000ba0,0x70ea42a05710,0x70ea3e2c7762,0x70ea3e2c73b9,0x70ea3e2c7762,1,0x693d707b9008b500,0x0
560,29932889214938,95621,2,3,RET,test11_conditional_indirect,,0x1764,0x0,0x0,0x11,0x0,0x1,0x0,0x70ea33bfe888,0x70ea33bfe890,0x70ea2c000ba0,0x70ea42a05710,0x70ea3e2c7a70,0x70ea3e2c73b9,0x70ea3e2c7a70,1,0xe692272ff8db1100,0x0
561,29932889225707,95621,2,4,INDIRECT_CALL,test12_switch_style,,0x17ed,0x0,0x0,0x70ea3e2c73ed,0x0,0x0,0x0,0x70ea33bfe860,0x70ea33bfe880,0x70ea2c000ba0,0x70ea33bfe660,0x0,0x70ea3e2c73b9,0x0,0,0xae6adbe39c14737a,0x0
562,29932889233135,95621,2,3,RET,test_target_c,,0x1406,0x0,0x0,0x11,0x0,0x1,0x0,0x70ea33bfe858,0x70ea33bfe880,0x70ea2c000ba0,0x70ea42a05710,0x70ea3e2c77ef,0x70ea3e2c73b9,0x70ea3e2c77ef,1,0xaf2ae29afa40cee1,0x0
563,29932889236600,95621,2,3,RET,test12_switch_style,,0x17f1,0x0,0x0,0x11,0x0,0x1,0x0,0x70ea33bfe888,0x70ea33bfe890,0x70ea2c000ba0,0x70ea42a05710,0x70ea3e2c7a7a,0x70ea3e2c73b9,0x70ea3e2c7a7a,1,0x43b5b6e36fa6a3cd,0x0
564,29932889250774,95621,2,4,INDIRECT_CALL,test13_runtime_computed_target,,0x1856,0x0,0x0,0x70ea3e2c73ed,0x0,0x1,0x0,0x70ea33bfe850,0x70ea33bfe880,0x70ea2c000ba0,0x70ea42a05710,0x0,0x3e2c77ef00000002,0x0,0,0x1e7016b80b9cfb94,0x0
565,29932889257826,95621,2,3,RET,test_target_c,,0x1406,0x0,0x0,0x11,0x0,0x1,0x0,0x70ea33bfe848,0x70ea33bfe880,0x70ea2c000ba0,0x70ea42a05710,0x70ea3e2c7858,0x3e2c77ef00000002,0x70ea3e2c7858,1,0x69f19731eef6ae5c,0x0
566,29932889261489,95621,2,3,RET,test13_runtime_computed_target,,0x186e,0x0,0x0,0x0,0x0,0x1,0x0,0x70ea33bfe888,0x70ea33bfe890,0x70ea2c000ba0,0x70ea42a05710,0x70ea3e2c7a7f,0x3e2c77ef00000002,0x70ea3e2c7a7f,1,0x563a0c221f50452c,0x0
567,29932889273919,95621,2,3,RET,test14_ret_chain_deep,,0x1888,0x0,0x0,0x14,0x0,0x1,0x0,0x70ea33bfe868,0x70ea33bfe870,0x70ea2c000ba0,0x70ea42a05710,0x70ea3e2c78a5,0x3e2c77ef00000002,0x70ea3e2c78a5,1,0x529a3d297b2b029,0x0
568,29932889277295,95621,2,3,RET,test14_ret_chain_mid,,0x18a7,0x0,0x0,0x14,0x0,0x1,0x0,0x70ea33bfe878,0x70ea33bfe880,0x70ea2c000ba0,0x70ea42a05710,0x70ea3e2c78c4,0x3e2c77ef00000002,0x70ea3e2c78c4,1,0x100a9dd1b1777f75,0x0
569,29932889280611,95621,2,3,RET,test14_ret_chain,,0x18c6,0x0,0x0,0x14,0x0,0x1,0x0,0x70ea33bfe888,0x70ea33bfe890,0x70ea2c000ba0,0x70ea42a05710,0x70ea3e2c7a84,0x3e2c77ef00000002,0x70ea3e2c7a84,1,0x5ed9b0244234ead1,0x0
570,29932889304207,95621,2,4,INDIRECT_CALL,test15_double_indirect,,0x18fc,0x0,0x0,0x70ea3e2c73b9,0x0,0x1,0x0,0x70ea33bfe870,0x70ea33bfe880,0x70ea2c000ba0,0x70ea42a05710,0x0,0x70ea3e2c73b9,0x0,1,0xb5eaa691f7388442,0x0
571,29932889318837,95621,2,3,RET,test_target_a,,0x13d2,0x0,0x0,0x11,0x0,0x1,0x0,0x70ea33bfe868,0x70ea33bfe880,0x70ea2c000ba0,0x70ea42a05710,0x70ea3e2c78fe,0x70ea3e2c73b9,0x70ea3e2c78fe,1,0xd853f4c48868e518,0x0
572,29932889323338,95621,2,3,RET,test15_double_indirect,,0x1900,0x0,0x0,0x11,0x0,0x1,0x0,0x70ea33bfe888,0x70ea33bfe890,0x70ea2c000ba0,0x70ea42a05710,0x70ea3e2c7a89,0x70ea3e2c73b9,0x70ea3e2c7a89,1,0xe6f73c8a5306db38,0x0
573,29932889337810,95621,2,3,RET,get_target,,0x1982,0x0,0x0,0x70ea3e2c73d3,0x1,0x0,0x0,0x70ea33bfe868,0x70ea33bfe880,0x70ea2c000ba0,0x1,0x70ea3e2c79a8,0x70ea3e2c73b9,0x70ea3e2c79a8,1,0x5e9ca9f7c48e0ab6,0x0
574,29932889344774,95621,2,4,INDIRECT_CALL,test16_returned_fptr_call,,0x19b0,0x0,0x0,0x70ea3e2c73d3,0x1,0x0,0x0,0x70ea33bfe870,0x70ea33bfe880,0x70ea2c000ba0,0x1,0x0,0x70ea3e2c73b9,0x0,0,0x6307f2f67682037e,0x0
575,29932889351968,95621,2,3,RET,test_target_b,,0x13ec,0x0,0x0,0x11,0x0,0x1,0x0,0x70ea33bfe868,0x70ea33bfe880,0x70ea2c000ba0,0x70ea42a05710,0x70ea3e2c79b2,0x70ea3e2c73b9,0x70ea3e2c79b2,1,0x1520367dc3e05a58,0x0
576,29932889355332,95621,2,3,RET,test16_returned_fptr_call,,0x19b4,0x0,0x0,0x11,0x0,0x1,0x0,0x70ea33bfe888,0x70ea33bfe890,0x70ea2c000ba0,0x70ea42a05710,0x70ea3e2c7a8e,0x70ea3e2c73b9,0x70ea3e2c7a8e,1,0xe352fbb0fa1d4778,0x0
577,29932889368711,95621,2,4,INDIRECT_CALL,test17_nested_struct_fptr,,0x19f5,0x0,0x0,0x70ea3e2c73d3,0x0,0x1,0x0,0x70ea33bfe850,0x70ea33bfe880,0x70ea2c000ba0,0x70ea42a05710,0x0,0x70ea3e2c73d3,0x0,1,0x7d18853c5cf0facb,0x0
578,29932889376011,95621,2,3,RET,test_target_b,,0x13ec,0x0,0x0,0x11,0x0,0x1,0x0,0x70ea33bfe848,0x70ea33bfe880,0x70ea2c000ba0,0x70ea42a05710,0x70ea3e2c79f7,0x70ea3e2c73d3,0x70ea3e2c79f7,1,0x1c52311483071c66,0x0
579,29932889379438,95621,2,3,RET,test17_nested_struct_fptr,,0x1a0d,0x0,0x0,0x0,0x0,0x1,0x0,0x70ea33bfe888,0x70ea33bfe890,0x70ea2c000ba0,0x70ea42a05710,0x70ea3e2c7a93,0x70ea3e2c73d3,0x70ea3e2c7a93,1,0x45154b5dd1922b6e,0x0
580,29932889384422,95621,2,3,RET,test_all,,0x1aa4,0x0,0x0,0x27,0x0,0x1,0x0,0x70ea33bfe898,0x70ea33bfe8a0,0x70ea2c000ba0,0x70ea42a05710,0x70ea42a44b16,0x70ea3e2c73d3,0x70ea42a44b16,1,0x3cde0e1498c01d6,0x0
581,29933890703515,95621,2,4,INDIRECT_CALL,test01_global_fptr_call,,0x148f,0x0,0x0,0x70ea3e2c73b9,0x0,0x1,0x0,0x70ea33bfe880,0x70ea33bfe880,0x70ea2c000ba0,0x70ea42a05710,0x0,0x70ea3e2c73b9,0x0,1,0x762a8d0e76d99ad6,0x0
582,29933890722171,95621,2,3,RET,test_target_a,,0x13d2,0x0,0x0,0x11,0x0,0x1,0x0,0x70ea33bfe878,0x70ea33bfe880,0x70ea2c000ba0,0x70ea42a05710,0x70ea3e2c7491,0x70ea3e2c73b9,0x70ea3e2c7491,1,0xc75a3fcff5895af,0x0
583,29933890726526,95621,2,3,RET,test01_global_fptr_call,,0x1493,0x0,0x0,0x11,0x0,0x1,0x0,0x70ea33bfe888,0x70ea33bfe890,0x70ea2c000ba0,0x70ea42a05710,0x70ea3e2c7a2a,0x70ea3e2c73b9,0x70ea3e2c7a2a,1,0x3890e50aeaad0d83,0x0
584,29933890740698,95621,2,4,INDIRECT_CALL,test02_local_fptr_call,,0x14be,0x0,0x0,0x70ea3e2c73d3,0x0,0x1,0x0,0x70ea33bfe870,0x70ea33bfe880,0x70ea2c000ba0,0x70ea42a05710,0x0,0x70ea3e2c73d3,0x0,1,0xa06e78b62e01d2ea,0x0
585,29933890748780,95621,2,3,RET,test_target_b,,0x13ec,0x0,0x0,0x11,0x0,0x1,0x0,0x70ea33bfe868,0x70ea33bfe880,0x70ea2c000ba0,0x70ea42a05710,0x70ea3e2c74c0,0x70ea3e2c73d3,0x70ea3e2c74c0,1,0x9666f38cb0068e62,0x0
586,29933890752024,95621,2,3,RET,test02_local_fptr_call,,0x14c2,0x0,0x0,0x11,0x0,0x1,0x0,0x70ea33bfe888,0x70ea33bfe890,0x70ea2c000ba0,0x70ea42a05710,0x70ea3e2c7a2f,0x70ea3e2c73d3,0x70ea3e2c7a2f,1,0x7f8c5fc1f3f87bba,0x0
587,29933890764355,95621,2,4,INDIRECT_CALL,test03_table_fptr_call,,0x150f,0x0,0x0,0x70ea3e2c73ed,0x0,0x10,0x0,0x70ea33bfe870,0x70ea33bfe880,0x70ea2c000ba0,0x70ea33bfe670,0x0,0x2,0x0,0,0x98d5b7b1cb0d1d83,0x0
588,29933890772479,95621,2,3,RET,test_target_c,,0x1406,0x0,0x0,0x11,0x0,0x1,0x0,0x70ea33bfe868,0x70ea33bfe880,0x70ea2c000ba0,0x70ea42a05710,0x70ea3e2c7511,0x2,0x70ea3e2c7511,1,0x6908c33489e5efd8,0x0
589,29933890775818,95621,2,3,RET,test03_table_fptr_call,,0x1513,0x0,0x0,0x11,0x0,0x1,0x0,0x70ea33bfe888,0x70ea33bfe890,0x70ea2c000ba0,0x70ea42a05710,0x70ea3e2c7a39,0x2,0x70ea3e2c7a39,1,0xb5db29201f0aeef8,0x0
590,29933890789218,95621,2,4,INDIRECT_CALL,test04_stack_fptr_call,,0x1546,0x0,0x0,0x70ea3e2c73ed,0x0,0x1,0x0,0x70ea33bfe870,0x70ea33bfe880,0x70ea2c000ba0,0x70ea42a05710,0x0,0x70ea3e2c73ed,0x0,1,0xdcf4435c782dadf6,0x0
591,29933890795936,95621,2,3,RET,test_target_c,,0x1406,0x0,0x0,0x11,0x0,0x1,0x0,0x70ea33bfe868,0x70ea33bfe880,0x70ea2c000ba0,0x70ea42a05710,0x70ea3e2c7548,0x70ea3e2c73ed,0x70ea3e2c7548,1,0x148f677d18b87b06,0x0
592,29933890799177,95621,2,3,RET,test04_stack_fptr_call,,0x154a,0x0,0x0,0x11,0x0,0x1,0x0,0x70ea33bfe888,0x70ea33bfe890,0x70ea2c000ba0,0x70ea42a05710,0x70ea3e2c7a3e,0x70ea3e2c73ed,0x70ea3e2c7a3e,1,0x409f23b768ac358e,0x0
593,29933890815176,95621,2,4,INDIRECT_CALL,test05_vtable_call,,0x1587,0x0,0x0,0x70ea3e2c73b9,0x0,0x1,0x0,0x70ea33bfe860,0x70ea33bfe880,0x70ea2c000ba0,0x70ea42a05710,0x0,0x70ea3e2c73d3,0x0,0,0x692bdce106b5dd81,0x0
594,29933890821679,95621,2,3,RET,test_target_a,,0x13d2,0x0,0x0,0x11,0x0,0x1,0x0,0x70ea33bfe858,0x70ea33bfe880,0x70ea2c000ba0,0x70ea42a05710,0x70ea3e2c7589,0x70ea3e2c73d3,0x70ea3e2c7589,1,0x1db8f9c257b31376,0x0
595,29933890828610,95621,2,4,INDIRECT_CALL,test05_vtable_call,,0x158d,0x0,0x0,0x70ea3e2c73d3,0x0,0x1,0x0,0x70ea33bfe860,0x70ea33bfe880,0x70ea2c000ba0,0x70ea42a05710,0x0,0x70ea3e2c73d3,0x0,1,0x886fdae9ea713d3e,0x0
596,29933890834988,95621,2,3,RET,test_target_b,,0x13ec,0x0,0x0,0x11,0x0,0x1,0x0,0x70ea33bfe858,0x70ea33bfe880,0x70ea2c000ba0,0x70ea42a05710,0x70ea3e2c758f,0x70ea3e2c73d3,0x70ea3e2c758f,1,0xe1c58f296ed46cf5,0x0
597,29933890838223,95621,2,3,RET,test05_vtable_call,,0x1591,0x0,0x0,0x11,0x0,0x1,0x0,0x70ea33bfe888,0x70ea33bfe890,0x70ea2c000ba0,0x70ea42a05710,0x70ea3e2c7a43,0x70ea3e2c73d3,0x70ea3e2c7a43,1,0x91ec3c5f64230a51,0x0
598,29933890849921,95621,2,4,INDIRECT_CALL,call_via_fp,,0x15a6,0x0,0x0,0x70ea3e2c7407,0x0,0x1,0x0,0x70ea33bfe860,0x70ea33bfe870,0x70ea2c000ba0,0x70ea3e2c7407,0x0,0x70ea3e2c7407,0x0,1,0x6a888473130d3dbe,0x0
599,29933890857803,95621,2,3,RET,test_target_d,,0x1420,0x0,0x0,0x11,0x0,0x1,0x0,0x70ea33bfe858,0x70ea33bfe870,0x70ea2c000ba0,0x70ea42a05710,0x70ea3e2c75a8,0x70ea3e2c7407,0x70ea3e2c75a8,1,0x9d528db82467a38e,0x0
600,29933890860997,95621,2,3,RET,call_via_fp,,0x15aa,0x0,0x0,0x11,0x0,0x1,0x0,0x70ea33bfe878,0x70ea33bfe880,0x70ea2c000ba0,0x70ea42a05710,0x70ea3e2c75d1,0x70ea3e2c7407,0x70ea3e2c75d1,1,0x80feeb2ea1c9e776,0x0
601,29933890864102,95621,2,3,RET,test06_callback_arg,,0x15d3,0x0,0x0,0x11,0x0,0x1,0x0,0x70ea33bfe888,0x70ea33bfe890,0x70ea2c000ba0,0x70ea42a05710,0x70ea3e2c7a48,0x70ea3e2c7407,0x70ea3e2c7a48,1,0x5557be1462c1813e,0x0
602,29933890877101,95621,2,4,INDIRECT_CALL,test07_indirect_jump,,0x162c,0x0,0x0,0x70ea3e2c73b9,0x0,0x1,0x0,0x70ea33bfe840,0x70ea33bfe880,0x70ea2c000ba0,0x70ea42a05710,0x0,0x70ea3e2c7407,0x0,0,0xeb4e8d49ae59c8c0,0x0
603,29933890883761,95621,2,3,RET,test_target_a,,0x13d2,0x0,0x0,0x11,0x0,0x1,0x0,0x70ea33bfe838,0x70ea33bfe880,0x70ea2c000ba0,0x70ea42a05710,0x70ea3e2c762e,0x70ea3e2c7407,0x70ea3e2c762e,1,0x1bc040e89be56fee,0x0
604,29933890894264,95621,2,4,INDIRECT_CALL,test07_indirect_jump,,0x163d,0x0,0x0,0x70ea3e2c73ed,0x0,0x1,0x0,0x70ea33bfe840,0x70ea33bfe880,0x70ea2c000ba0,0x70ea42a05710,0x0,0x70ea3e2c73ed,0x0,1,0xa820576a48df2c56,0x0
605,29933890900541,95621,2,3,RET,test_target_c,,0x1406,0x0,0x0,0x11,0x0,0x1,0x0,0x70ea33bfe838,0x70ea33bfe880,0x70ea2c000ba0,0x70ea42a05710,0x70ea3e2c763f,0x70ea3e2c73ed,0x70ea3e2c763f,1,0x91ca153270c8add,0x0
606,29933890904106,95621,2,3,RET,test07_indirect_jump,,0x1655,0x0,0x0,0x0,0x0,0x1,0x0,0x70ea33bfe888,0x70ea33bfe890,0x70ea2c000ba0,0x70ea42a05710,0x70ea3e2c7a52,0x70ea3e2c73ed,0x70ea3e2c7a52,1,0x7d926942f6947619,0x0
607,29933890913853,95621,2,4,INDIRECT_CALL,test08_indirect_call_with_retval,,0x1688,0x0,0x0,0x5,0x0,0x70ea3e2c7421,0x0,0x70ea33bfe860,0x70ea33bfe880,0x70ea2c000ba0,0x5,0x0,0x70ea3e2c7421,0x0,0,0x228b302e1fc1f49d,0x0
608,29933890920761,95621,2,3,RET,test_target_ret_int,,0x1432,0x0,0x0,0xa,0x0,0x70ea3e2c7421,0x0,0x70ea33bfe858,0x70ea33bfe880,0x70ea2c000ba0,0x5,0x70ea3e2c768a,0x70ea3e2c7421,0x70ea3e2c768a,1,0x17ae606fac8b7363,0x0
609,29933890924628,95621,2,3,RET,test08_indirect_call_with_retval,,0x16a8,0x0,0x0,0x11,0x0,0x0,0x0,0x70ea33bfe888,0x70ea33bfe890,0x70ea2c000ba0,0x70ea33bfe660,0x70ea3e2c7a5c,0x70ea3e2c7421,0x70ea3e2c7a5c,1,0x27cff246561a4b27,0x0
610,29933890937740,95621,2,4,INDIRECT_CALL,test09_indirect_call_multiarg,,0x16e2,0x0,0x0,0x70ea3e2c7433,0x0,0x1e,0x0,0x70ea33bfe870,0x70ea33bfe880,0x14,0xa,0x0,0x70ea3e2c7433,0x0,1,0x92f0b44c3eacc360,0x0
611,29933890944798,95621,2,3,RET,test_target_arg,,0x146d,0x0,0x0,0x12,0x0,0x0,0x0,0x70ea33bfe868,0x70ea33bfe880,0x70ea2c000ba0,0x70ea33bfe650,0x70ea3e2c76e4,0x70ea3e2c7433,0x70ea3e2c76e4,1,0xb64e56c9cf56e6c4,0x0
612,29933890947834,95621,2,3,RET,test09_indirect_call_multiarg,,0x16e6,0x0,0x0,0x12,0x0,0x0,0x0,0x70ea33bfe888,0x70ea33bfe890,0x70ea2c000ba0,0x70ea33bfe650,0x70ea3e2c7a61,0x70ea3e2c7433,0x70ea3e2c7a61,1,0xdb87dee801e7f974,0x0
613,29933890961540,95621,2,4,INDIRECT_CALL,test10_volatile_fptr,,0x1711,0x0,0x0,0x70ea3e2c73b9,0x0,0x1,0x0,0x70ea33bfe870,0x70ea33bfe880,0x70ea2c000ba0,0x70ea42a05710,0x0,0x70ea3e2c73b9,0x0,1,0xa0d204e4179d92fa,0x0
614,29933890968049,95621,2,3,RET,test_target_a,,0x13d2,0x0,0x0,0x11,0x0,0x1,0x0,0x70ea33bfe868,0x70ea33bfe880,0x70ea2c000ba0,0x70ea42a05710,0x70ea3e2c7713,0x70ea3e2c73b9,0x70ea3e2c7713,1,0x2952da81383c3785,0x0
615,29933890971167,95621,2,3,RET,test10_volatile_fptr,,0x1715,0x0,0x0,0x11,0x0,0x1,0x0,0x70ea33bfe888,0x70ea33bfe890,0x70ea2c000ba0,0x70ea42a05710,0x70ea3e2c7a66,0x70ea3e2c73b9,0x70ea3e2c7a66,1,0xa61330d3006c29a1,0x0
616,29933890981018,95621,2,4,INDIRECT_CALL,test11_conditional_indirect,,0x1760,0x0,0x0,0x70ea3e2c73b9,0x0,0x0,0x0,0x70ea33bfe860,0x70ea33bfe880,0x70ea2c000ba0,0x70ea33bfe660,0x0,0x70ea3e2c73b9,0x0,1,0xa393d43a974a6779,0x0
617,29933890987536,95621,2,3,RET,test_target_a,,0x13d2,0x0,0x0,0x11,0x0,0x1,0x0,0x70ea33bfe858,0x70ea33bfe880,0x70ea2c000ba0,0x70ea42a05710,0x70ea3e2c7762,0x70ea3e2c73b9,0x70ea3e2c7762,1,0xb6561edcd6cb63e7,0x0
618,29933890990674,95621,2,3,RET,test11_conditional_indirect,,0x1764,0x0,0x0,0x11,0x0,0x1,0x0,0x70ea33bfe888,0x70ea33bfe890,0x70ea2c000ba0,0x70ea42a05710,0x70ea3e2c7a70,0x70ea3e2c73b9,0x70ea3e2c7a70,1,0xd16a332658b3eb5b,0x0
619,29933891000213,95621,2,4,INDIRECT_CALL,test12_switch_style,,0x17ed,0x0,0x0,0x70ea3e2c73ed,0x0,0x0,0x0,0x70ea33bfe860,0x70ea33bfe880,0x70ea2c000ba0,0x70ea33bfe660,0x0,0x70ea3e2c73b9,0x0,0,0x4513dd1c82f6c0cd,0x0
620,29933891006768,95621,2,3,RET,test_target_c,,0x1406,0x0,0x0,0x11,0x0,0x1,0x0,0x70ea33bfe858,0x70ea33bfe880,0x70ea2c000ba0,0x70ea42a05710,0x70ea3e2c77ef,0x70ea3e2c73b9,0x70ea3e2c77ef,1,0xb821c6d81d5d0538,0x0
621,29933891009869,95621,2,3,RET,test12_switch_style,,0x17f1,0x0,0x0,0x11,0x0,0x1,0x0,0x70ea33bfe888,0x70ea33bfe890,0x70ea2c000ba0,0x70ea42a05710,0x70ea3e2c7a7a,0x70ea3e2c73b9,0x70ea3e2c7a7a,1,0x5b92d73c198248d8,0x0
622,29933891022731,95621,2,4,INDIRECT_CALL,test13_runtime_computed_target,,0x1856,0x0,0x0,0x70ea3e2c73ed,0x0,0x1,0x0,0x70ea33bfe850,0x70ea33bfe880,0x70ea2c000ba0,0x70ea42a05710,0x0,0x3e2c77ef00000002,0x0,0,0xef0a25249ef24b17,0x0
623,29933891028896,95621,2,3,RET,test_target_c,,0x1406,0x0,0x0,0x11,0x0,0x1,0x0,0x70ea33bfe848,0x70ea33bfe880,0x70ea2c000ba0,0x70ea42a05710,0x70ea3e2c7858,0x3e2c77ef00000002,0x70ea3e2c7858,1,0xe5516d7c6ad57323,0x0
624,29933891032061,95621,2,3,RET,test13_runtime_computed_target,,0x186e,0x0,0x0,0x0,0x0,0x1,0x0,0x70ea33bfe888,0x70ea33bfe890,0x70ea2c000ba0,0x70ea42a05710,0x70ea3e2c7a7f,0x3e2c77ef00000002,0x70ea3e2c7a7f,1,0xb86259d97608afe7,0x0
625,29933891043286,95621,2,3,RET,test14_ret_chain_deep,,0x1888,0x0,0x0,0x14,0x0,0x1,0x0,0x70ea33bfe868,0x70ea33bfe870,0x70ea2c000ba0,0x70ea42a05710,0x70ea3e2c78a5,0x3e2c77ef00000002,0x70ea3e2c78a5,1,0xb70b0f2b31468b94,0x0
626,29933891046378,95621,2,3,RET,test14_ret_chain_mid,,0x18a7,0x0,0x0,0x14,0x0,0x1,0x0,0x70ea33bfe878,0x70ea33bfe880,0x70ea2c000ba0,0x70ea42a05710,0x70ea3e2c78c4,0x3e2c77ef00000002,0x70ea3e2c78c4,1,0x13fa46802088604,0x0
627,29933891049393,95621,2,3,RET,test14_ret_chain,,0x18c6,0x0,0x0,0x14,0x0,0x1,0x0,0x70ea33bfe888,0x70ea33bfe890,0x70ea2c000ba0,0x70ea42a05710,0x70ea3e2c7a84,0x3e2c77ef00000002,0x70ea3e2c7a84,1,0x7d266d86218e47b4,0x0
628,29933891061961,95621,2,4,INDIRECT_CALL,test15_double_indirect,,0x18fc,0x0,0x0,0x70ea3e2c73b9,0x0,0x1,0x0,0x70ea33bfe870,0x70ea33bfe880,0x70ea2c000ba0,0x70ea42a05710,0x0,0x70ea3e2c73b9,0x0,1,0x8c7d2d5322662b5d,0x0
629,29933891068455,95621,2,3,RET,test_target_a,,0x13d2,0x0,0x0,0x11,0x0,0x1,0x0,0x70ea33bfe868,0x70ea33bfe880,0x70ea2c000ba0,0x70ea42a05710,0x70ea3e2c78fe,0x70ea3e2c73b9,0x70ea3e2c78fe,1,0x1f242ce8eda54597,0x0
630,29933891071952,95621,2,3,RET,test15_double_indirect,,0x1900,0x0,0x0,0x11,0x0,0x1,0x0,0x70ea33bfe888,0x70ea33bfe890,0x70ea2c000ba0,0x70ea42a05710,0x70ea3e2c7a89,0x70ea3e2c73b9,0x70ea3e2c7a89,1,0x2894dc14b45ca34b,0x0
631,29933891085052,95621,2,3,RET,get_target,,0x1982,0x0,0x0,0x70ea3e2c73d3,0x1,0x0,0x0,0x70ea33bfe868,0x70ea33bfe880,0x70ea2c000ba0,0x1,0x70ea3e2c79a8,0x70ea3e2c73b9,0x70ea3e2c79a8,1,0x67aab8dc6697425,0x0
632,29933891091071,95621,2,4,INDIRECT_CALL,test16_returned_fptr_call,,0x19b0,0x0,0x0,0x70ea3e2c73d3,0x1,0x0,0x0,0x70ea33bfe870,0x70ea33bfe880,0x70ea2c000ba0,0x1,0x0,0x70ea3e2c73b9,0x0,0,0xd18879ded5e7b9c1,0x0
633,29933891097274,95621,2,3,RET,test_target_b,,0x13ec,0x0,0x0,0x11,0x0,0x1,0x0,0x70ea33bfe868,0x70ea33bfe880,0x70ea2c000ba0,0x70ea42a05710,0x70ea3e2c79b2,0x70ea3e2c73b9,0x70ea3e2c79b2,1,0xa2e710715a895edf,0x0
634,29933891100383,95621,2,3,RET,test16_returned_fptr_call,,0x19b4,0x0,0x0,0x11,0x0,0x1,0x0,0x70ea33bfe888,0x70ea33bfe890,0x70ea2c000ba0,0x70ea42a05710,0x70ea3e2c7a8e,0x70ea3e2c73b9,0x70ea3e2c7a8e,1,0x430d712f66df56f3,0x0
635,29933891112243,95621,2,4,INDIRECT_CALL,test17_nested_struct_fptr,,0x19f5,0x0,0x0,0x70ea3e2c73d3,0x0,0x1,0x0,0x70ea33bfe850,0x70ea33bfe880,0x70ea2c000ba0,0x70ea42a05710,0x0,0x70ea3e2c73d3,0x0,1,0x9fbd6adcb7af523e,0x0
636,29933891118863,95621,2,3,RET,test_target_b,,0x13ec,0x0,0x0,0x11,0x0,0x1,0x0,0x70ea33bfe848,0x70ea33bfe880,0x70ea2c000ba0,0x70ea42a05710,0x70ea3e2c79f7,0x70ea3e2c73d3,0x70ea3e2c79f7,1,0x6b8f556cfaa9625d,0x0
637,29933891122297,95621,2,3,RET,test17_nested_struct_fptr,,0x1a0d,0x0,0x0,0x0,0x0,0x1,0x0,0x70ea33bfe888,0x70ea33bfe890,0x70ea2c000ba0,0x70ea42a05710,0x70ea3e2c7a93,0x70ea3e2c73d3,0x70ea3e2c7a93,1,0x35fd74c207053799,0x0
638,29933891126706,95621,2,3,RET,test_all,,0x1aa4,0x0,0x0,0x27,0x0,0x1,0x0,0x70ea33bfe898,0x70ea33bfe8a0,0x70ea2c000ba0,0x70ea42a05710,0x70ea42a44b16,0x70ea3e2c73d3,0x70ea42a44b16,1,0xc85795e76d7f4a25,0x0
